,MB084356,MB083394,MB019977,MB073717,MB093026,MB091679,MB082123,L00003204,L00039460,MB088060,MB090595,MB087512,MB078716,MB087023,MB084821,L00016581,L00007906,MB085532,MB092130,MB086831,MB091852,MB080517,L00027380,MB080848,MB085874,MB087514,L00004052,MB081209,MB087072,MB086146,L00029597_1,L00042518,L00036434,MB091565,MB088826,MB092759,MB092665,MB085338_1,MB084806,MB085749,MB084946,MB082680,L00038889,MB080831,L00027056,MB086151,MB081484,MB089698,MB086605,MB085526,L00004048,MB091987,MB086490,MB091939,MB082781,L00006438,L00040772,L00012343,MB093021,MB088330,L00019656,MB093049,MB088577,MBO84356,MB089024,MB092409,MB081290,MB083835,MB087293,MB083076,MB087710,MB090190,MB081274,MBO89963,MB089146,MB085338_2,L00044208,L00004074,MB092927_2,MB078705,MB093074,L00015420,MB088834,MB091099,MB089718,L00005920,MB089866,MB082896,MB084351,MB093261,L00028203,MB092161,MB091566,MB080668,MB089963,MB092520,MB091794,L00018966,L00029597_2,MB088020,MB093025,MB085585,L00005918,MB085135,MB081563,MB081709,MB093198,MB090456,MB091631,MB087802,MB092546,L00014051,MB084982,L00034794,MB080441,L00017444,MB089546,MB088931,MB087998,MB087393,MB075002,MB080919,MB088646,MB089903,L00029190,MB088150,MB093228,MB085564,L00011957,MB088683,L00038890,MB090458,L00031343,MB083519,MB092927_1,L00009173,MB089257,L00019464,MB091830,MB091633,MB091027,L00013157,MB081208,MB088934,L00018091,L00019475,ref
MB084356,0,0,0,323,1,0,0,5,1,474,429,466,1,437,1,422,464,0,433,1,1,483,439,1,475,0,0,0,479,1,489,1,476,416,1,3,450,3,453,475,492,0,474,491,481,465,475,1,411,1,1,480,1,1,450,3,476,480,430,320,479,497,497,0,440,494,445,416,469,476,230,1,0,500,1,3,458,481,397,1,490,500,465,456,471,489,479,455,287,1,431,584,2,0,486,496,410,2,484,476,436,493,488,439,3,1,498,2,541,0,486,410,477,482,440,1,488,411,1,548,0,379,434,442,479,3,488,2,490,2,451,0,476,1,414,484,0,429,486,473,495,2,480,420,429,473,0
MB083394,0,0,0,323,1,0,0,5,1,474,429,466,1,437,1,422,464,0,433,1,1,483,439,1,475,0,0,0,479,1,489,1,476,416,1,3,450,3,453,475,492,0,474,491,481,465,475,1,411,1,1,480,1,1,450,3,476,480,430,320,479,497,497,0,440,494,445,416,469,476,230,1,0,500,1,3,458,481,397,1,490,500,465,456,471,489,479,455,287,1,431,584,2,0,486,496,410,2,484,476,436,493,488,439,3,1,498,2,541,0,486,410,477,482,440,1,488,411,1,548,0,379,434,442,479,3,488,2,490,2,451,0,476,1,414,484,0,429,486,473,495,2,480,420,429,473,0
MB019977,0,0,0,323,1,0,0,5,1,474,429,466,1,437,1,422,464,0,433,1,1,483,439,1,475,0,0,0,479,1,489,1,476,416,1,3,450,3,453,475,492,0,474,491,481,465,475,1,411,1,1,480,1,1,450,3,476,480,430,320,479,497,497,0,440,494,445,416,469,476,230,1,0,500,1,3,458,481,397,1,490,500,465,456,471,489,479,455,287,1,431,584,2,0,486,496,410,2,484,476,436,493,488,439,3,1,498,2,541,0,486,410,477,482,440,1,488,411,1,548,0,379,434,442,479,3,488,2,490,2,451,0,476,1,414,484,0,429,486,473,495,2,480,420,429,473,0
MB073717,323,323,323,0,324,323,323,328,324,489,428,457,324,434,324,427,489,323,430,324,324,492,434,324,484,323,323,323,496,324,521,324,487,463,324,326,391,326,484,494,497,323,449,496,488,450,484,324,406,324,324,493,324,324,489,326,491,495,417,3,520,458,458,323,449,526,426,429,448,485,329,324,323,501,324,326,491,494,410,324,522,501,494,443,482,521,496,440,38,324,426,561,325,323,495,459,405,325,516,487,431,538,520,434,326,324,535,325,550,323,499,423,486,518,490,324,491,404,324,557,323,472,445,492,494,326,491,325,522,325,450,323,489,324,407,475,323,416,493,484,534,325,493,433,468,530,323
MB093026,1,1,1,324,0,1,1,6,2,475,430,467,0,438,2,423,465,1,434,2,0,484,440,0,476,1,1,1,480,0,490,2,477,417,2,4,451,4,454,476,493,1,475,492,482,466,476,0,412,0,2,481,2,2,451,4,477,481,431,321,480,498,498,1,441,495,446,417,470,477,231,2,1,501,2,4,459,482,398,0,491,501,466,457,472,490,480,456,288,2,432,585,3,1,487,497,411,3,485,477,437,494,489,440,4,0,499,3,542,1,487,411,478,483,441,2,489,412,0,549,1,380,435,443,480,4,489,3,491,3,452,1,477,2,415,485,1,430,487,474,496,3,481,421,430,474,1
MB091679,0,0,0,323,1,0,0,5,1,474,429,466,1,437,1,422,464,0,433,1,1,483,439,1,475,0,0,0,479,1,489,1,476,416,1,3,450,3,453,475,492,0,474,491,481,465,475,1,411,1,1,480,1,1,450,3,476,480,430,320,479,497,497,0,440,494,445,416,469,476,230,1,0,500,1,3,458,481,397,1,490,500,465,456,471,489,479,455,287,1,431,584,2,0,486,496,410,2,484,476,436,493,488,439,3,1,498,2,541,0,486,410,477,482,440,1,488,411,1,548,0,379,434,442,479,3,488,2,490,2,451,0,476,1,414,484,0,429,486,473,495,2,480,420,429,473,0
MB082123,0,0,0,323,1,0,0,5,1,474,429,466,1,437,1,422,464,0,433,1,1,483,439,1,475,0,0,0,479,1,489,1,476,416,1,3,450,3,453,475,492,0,474,491,481,465,475,1,411,1,1,480,1,1,450,3,476,480,430,320,479,497,497,0,440,494,445,416,469,476,230,1,0,500,1,3,458,481,397,1,490,500,465,456,471,489,479,455,287,1,431,584,2,0,486,496,410,2,484,476,436,493,488,439,3,1,498,2,541,0,486,410,477,482,440,1,488,411,1,548,0,379,434,442,479,3,488,2,490,2,451,0,476,1,414,484,0,429,486,473,495,2,480,420,429,473,0
L00003204,5,5,5,328,6,5,5,0,6,479,434,471,6,442,6,427,469,5,438,6,6,488,444,6,480,5,5,5,484,6,494,6,481,421,6,8,455,8,458,480,497,5,479,496,486,470,480,6,416,6,6,485,6,6,455,8,481,485,435,325,484,502,502,5,445,499,450,421,474,481,235,6,5,505,6,8,463,486,402,6,495,505,470,461,476,494,484,460,292,6,436,589,7,5,491,501,415,7,489,481,441,498,493,444,8,6,503,7,546,5,491,415,482,487,445,6,493,416,6,553,5,384,439,447,484,8,493,7,495,7,456,5,481,6,419,489,5,434,491,478,500,7,485,425,434,478,5
L00039460,1,1,1,324,2,1,1,6,0,475,430,467,2,438,2,423,465,1,434,2,2,484,440,2,476,1,1,1,480,2,490,2,477,417,2,4,451,4,454,476,493,1,475,492,482,466,476,2,412,2,2,481,2,2,451,4,477,481,431,321,480,498,498,1,441,495,446,417,470,477,231,2,1,501,2,4,459,482,398,2,491,501,466,457,472,490,480,456,288,0,432,585,3,1,487,497,411,3,485,477,437,494,489,440,4,2,499,3,542,1,487,411,478,483,441,2,489,412,2,549,1,380,435,443,480,4,489,3,491,3,452,1,477,2,415,485,1,430,487,474,496,3,481,421,430,474,1
MB088060,474,474,474,489,475,474,474,479,475,0,416,431,475,420,475,472,360,474,416,475,475,479,422,475,471,474,474,474,7,475,534,475,448,458,475,477,423,477,367,7,484,474,425,483,473,424,357,475,392,475,475,8,475,475,371,477,6,8,423,486,502,512,512,474,423,537,440,398,422,358,386,475,474,500,475,477,479,7,398,475,535,500,19,415,357,534,7,420,481,475,416,498,476,474,494,511,393,476,529,358,419,493,531,422,477,475,494,476,519,474,12,464,359,529,501,475,480,394,475,528,474,458,443,505,5,477,480,476,535,476,420,474,453,475,395,441,474,422,480,357,491,476,8,425,442,499,474
MB090595,429,429,429,428,430,429,429,434,430,416,0,217,430,10,430,415,417,429,8,430,430,472,10,430,462,429,429,429,423,430,510,430,492,417,430,432,139,432,416,421,477,429,123,476,468,116,414,430,104,430,430,420,430,430,252,432,420,422,111,427,499,541,541,429,123,515,104,462,120,415,371,430,429,491,430,432,256,421,114,430,511,491,425,115,412,510,423,116,430,430,8,521,431,429,483,542,103,431,509,417,7,494,509,12,432,430,493,431,534,429,426,419,416,509,467,430,473,104,430,541,429,153,379,473,421,432,473,431,511,431,78,429,395,430,105,107,429,112,473,416,492,431,420,17,144,488,429
MB087512,466,466,466,457,467,466,466,471,467,431,217,0,467,223,467,451,315,466,219,467,467,513,223,467,503,466,466,466,436,467,511,467,526,491,467,469,196,469,310,432,518,466,254,517,509,235,320,467,171,467,467,435,467,467,306,469,435,437,184,456,514,530,530,466,230,516,235,488,249,321,396,467,466,506,467,469,402,436,165,467,512,506,428,232,318,511,438,233,453,467,219,530,468,466,496,531,170,468,510,323,220,533,510,225,469,467,536,468,555,466,441,459,322,506,480,467,514,171,467,562,466,277,410,486,436,469,514,468,512,468,221,466,386,467,172,258,466,185,514,322,535,468,435,216,253,519,466
MB078716,1,1,1,324,0,1,1,6,2,475,430,467,0,438,2,423,465,1,434,2,0,484,440,0,476,1,1,1,480,0,490,2,477,417,2,4,451,4,454,476,493,1,475,492,482,466,476,0,412,0,2,481,2,2,451,4,477,481,431,321,480,498,498,1,441,495,446,417,470,477,231,2,1,501,2,4,459,482,398,0,491,501,466,457,472,490,480,456,288,2,432,585,3,1,487,497,411,3,485,477,437,494,489,440,4,0,499,3,542,1,487,411,478,483,441,2,489,412,0,549,1,380,435,443,480,4,489,3,491,3,452,1,477,2,415,485,1,430,487,474,496,3,481,421,430,474,1
MB087023,437,437,437,434,438,437,437,442,438,420,10,223,438,0,438,423,425,437,6,438,438,476,2,438,468,437,437,437,427,438,514,438,498,425,438,440,141,440,424,427,481,437,123,484,476,112,422,438,104,438,438,428,438,438,254,440,426,428,115,431,509,551,551,437,129,511,106,458,122,421,379,438,437,489,438,440,254,427,118,438,515,489,429,115,418,514,425,120,436,438,10,527,439,437,489,550,105,439,513,417,5,500,509,4,440,438,499,439,534,437,424,425,422,511,471,438,483,106,438,545,437,153,387,477,425,440,483,439,515,439,86,437,403,438,105,105,437,114,483,422,498,439,428,17,146,496,437
MB084821,1,1,1,324,2,1,1,6,2,475,430,467,2,438,0,423,465,1,434,2,2,484,440,2,476,1,1,1,480,2,490,2,477,417,2,4,451,4,454,476,493,1,475,492,482,466,476,2,412,2,0,481,2,2,451,4,477,481,431,321,480,498,498,1,441,495,446,417,470,477,231,2,1,501,2,4,459,482,398,2,491,501,466,457,472,490,480,456,288,2,432,585,3,1,487,497,411,3,485,477,437,494,489,440,4,2,499,3,542,1,487,411,478,483,441,2,489,412,2,549,1,380,435,443,480,4,489,3,491,3,452,1,477,2,415,485,1,430,487,474,496,3,481,421,430,474,1
L00016581,422,422,422,427,423,422,422,427,423,472,415,451,423,423,423,0,438,422,419,423,423,431,421,423,429,422,422,422,475,423,488,423,451,422,423,425,402,425,431,475,436,422,434,435,437,429,447,423,409,423,423,476,423,423,467,425,474,478,423,426,501,535,535,422,408,491,419,422,435,448,332,423,422,504,423,425,429,475,393,423,489,504,461,426,451,490,475,427,413,423,419,502,424,422,494,536,410,424,485,450,418,511,485,421,425,423,516,424,503,422,480,140,449,483,455,423,432,411,423,512,422,424,447,455,475,425,432,424,489,424,413,422,475,423,408,436,422,424,430,447,517,424,476,408,433,493,422
L00007906,464,464,464,489,465,464,464,469,465,360,417,315,465,425,465,438,0,464,421,465,465,457,427,465,449,464,464,464,363,465,506,465,477,441,465,467,395,467,11,361,466,464,453,465,455,436,11,465,394,465,465,364,465,465,375,467,364,364,404,486,453,493,493,464,419,511,459,423,448,12,370,465,464,514,465,467,476,365,384,465,507,514,357,427,13,506,363,430,481,465,419,527,466,464,502,492,393,466,501,14,424,491,505,427,467,465,498,466,527,464,370,421,13,499,493,465,462,394,465,534,464,460,435,495,363,467,462,466,507,466,387,464,455,465,397,446,464,403,460,13,493,466,364,412,462,481,464
MB085532,0,0,0,323,1,0,0,5,1,474,429,466,1,437,1,422,464,0,433,1,1,483,439,1,475,0,0,0,479,1,489,1,476,416,1,3,450,3,453,475,492,0,474,491,481,465,475,1,411,1,1,480,1,1,450,3,476,480,430,320,479,497,497,0,440,494,445,416,469,476,230,1,0,500,1,3,458,481,397,1,490,500,465,456,471,489,479,455,287,1,431,584,2,0,486,496,410,2,484,476,436,493,488,439,3,1,498,2,541,0,486,410,477,482,440,1,488,411,1,548,0,379,434,442,479,3,488,2,490,2,451,0,476,1,414,484,0,429,486,473,495,2,480,420,429,473,0
MB092130,433,433,433,430,434,433,433,438,434,416,8,219,434,6,434,419,421,433,0,434,434,474,8,434,464,433,433,433,421,434,508,434,495,421,434,436,137,436,420,421,483,433,123,482,472,114,418,434,102,434,434,422,434,434,250,436,422,422,113,427,505,547,547,433,125,511,104,462,116,419,375,434,433,493,434,436,260,423,114,434,509,493,425,109,414,508,423,114,434,434,4,523,435,433,487,546,101,435,507,419,5,496,505,10,436,434,495,435,532,433,426,423,420,507,467,434,479,104,434,541,433,151,383,471,421,436,479,435,509,435,84,433,401,434,103,105,433,112,479,418,494,435,422,19,142,494,433
MB086831,1,1,1,324,2,1,1,6,2,475,430,467,2,438,2,423,465,1,434,0,2,484,440,2,476,1,1,1,480,2,490,2,477,417,2,4,451,4,454,476,493,1,475,492,482,466,476,2,412,2,2,481,2,2,451,4,477,481,431,321,480,498,498,1,441,495,446,417,470,477,231,2,1,501,0,4,459,482,398,2,491,501,466,457,472,490,480,456,288,2,432,585,3,1,487,497,411,3,485,477,437,494,489,440,4,2,499,3,542,1,487,411,478,483,441,2,489,412,2,549,1,380,435,443,480,4,489,3,491,3,452,1,477,2,415,485,1,430,487,474,496,3,481,421,430,474,1
MB091852,1,1,1,324,0,1,1,6,2,475,430,467,0,438,2,423,465,1,434,2,0,484,440,0,476,1,1,1,480,0,490,2,477,417,2,4,451,4,454,476,493,1,475,492,482,466,476,0,412,0,2,481,2,2,451,4,477,481,431,321,480,498,498,1,441,495,446,417,470,477,231,2,1,501,2,4,459,482,398,0,491,501,466,457,472,490,480,456,288,2,432,585,3,1,487,497,411,3,485,477,437,494,489,440,4,0,499,3,542,1,487,411,478,483,441,2,489,412,0,549,1,380,435,443,480,4,489,3,491,3,452,1,477,2,415,485,1,430,487,474,496,3,481,421,430,474,1
MB080517,483,483,483,492,484,483,483,488,484,479,472,513,484,476,484,431,457,483,474,484,484,0,478,484,10,483,483,483,484,484,530,484,443,107,484,486,453,486,450,484,19,483,459,18,24,460,460,484,472,484,484,487,484,484,491,486,483,487,479,489,488,554,554,483,451,531,468,423,460,459,281,484,483,478,484,486,491,486,466,484,531,478,484,455,456,530,482,456,486,484,474,597,485,483,472,553,471,485,531,459,475,498,531,478,486,484,499,485,556,483,489,413,460,525,497,484,19,470,484,567,483,478,503,501,484,486,19,485,531,485,461,483,515,484,471,464,483,478,17,458,500,485,487,469,454,498,483
L00027380,439,439,439,434,440,439,439,444,440,422,10,223,440,2,440,421,427,439,8,440,440,478,0,440,470,439,439,439,429,440,514,440,498,427,440,442,141,442,426,429,481,439,121,484,478,110,422,440,106,440,440,428,440,440,254,442,426,430,113,433,509,551,551,439,131,511,104,460,124,421,381,440,439,489,440,442,252,427,118,440,515,489,431,117,420,516,427,120,438,440,10,527,441,439,489,552,107,441,513,419,3,500,509,2,442,440,499,441,536,439,424,425,422,513,473,440,483,106,440,547,439,155,389,477,427,442,483,441,515,441,88,439,405,440,103,103,439,114,483,424,500,441,428,19,144,496,439
MB080848,1,1,1,324,0,1,1,6,2,475,430,467,0,438,2,423,465,1,434,2,0,484,440,0,476,1,1,1,480,0,490,2,477,417,2,4,451,4,454,476,493,1,475,492,482,466,476,0,412,0,2,481,2,2,451,4,477,481,431,321,480,498,498,1,441,495,446,417,470,477,231,2,1,501,2,4,459,482,398,0,491,501,466,457,472,490,480,456,288,2,432,585,3,1,487,497,411,3,485,477,437,494,489,440,4,0,499,3,542,1,487,411,478,483,441,2,489,412,0,549,1,380,435,443,480,4,489,3,491,3,452,1,477,2,415,485,1,430,487,474,496,3,481,421,430,474,1
MB085874,475,475,475,484,476,475,475,480,476,471,462,503,476,468,476,429,449,475,464,476,476,10,470,476,0,475,475,475,476,476,526,476,439,97,476,478,445,478,442,476,21,475,453,20,16,452,450,476,462,476,476,479,476,476,481,478,477,479,469,481,482,544,544,475,443,529,460,423,452,451,271,476,475,476,476,478,483,478,458,476,527,476,478,445,446,526,478,446,482,476,464,587,477,475,468,543,461,477,521,451,467,490,523,470,478,476,489,477,554,475,483,413,452,521,487,476,17,462,476,563,475,470,495,491,476,478,17,477,527,477,453,475,507,476,463,456,475,470,17,448,490,477,479,463,452,492,475
MB087514,0,0,0,323,1,0,0,5,1,474,429,466,1,437,1,422,464,0,433,1,1,483,439,1,475,0,0,0,479,1,489,1,476,416,1,3,450,3,453,475,492,0,474,491,481,465,475,1,411,1,1,480,1,1,450,3,476,480,430,320,479,497,497,0,440,494,445,416,469,476,230,1,0,500,1,3,458,481,397,1,490,500,465,456,471,489,479,455,287,1,431,584,2,0,486,496,410,2,484,476,436,493,488,439,3,1,498,2,541,0,486,410,477,482,440,1,488,411,1,548,0,379,434,442,479,3,488,2,490,2,451,0,476,1,414,484,0,429,486,473,495,2,480,420,429,473,0
L00004052,0,0,0,323,1,0,0,5,1,474,429,466,1,437,1,422,464,0,433,1,1,483,439,1,475,0,0,0,479,1,489,1,476,416,1,3,450,3,453,475,492,0,474,491,481,465,475,1,411,1,1,480,1,1,450,3,476,480,430,320,479,497,497,0,440,494,445,416,469,476,230,1,0,500,1,3,458,481,397,1,490,500,465,456,471,489,479,455,287,1,431,584,2,0,486,496,410,2,484,476,436,493,488,439,3,1,498,2,541,0,486,410,477,482,440,1,488,411,1,548,0,379,434,442,479,3,488,2,490,2,451,0,476,1,414,484,0,429,486,473,495,2,480,420,429,473,0
MB081209,0,0,0,323,1,0,0,5,1,474,429,466,1,437,1,422,464,0,433,1,1,483,439,1,475,0,0,0,479,1,489,1,476,416,1,3,450,3,453,475,492,0,474,491,481,465,475,1,411,1,1,480,1,1,450,3,476,480,430,320,479,497,497,0,440,494,445,416,469,476,230,1,0,500,1,3,458,481,397,1,490,500,465,456,471,489,479,455,287,1,431,584,2,0,486,496,410,2,484,476,436,493,488,439,3,1,498,2,541,0,486,410,477,482,440,1,488,411,1,548,0,379,434,442,479,3,488,2,490,2,451,0,476,1,414,484,0,429,486,473,495,2,480,420,429,473,0
MB087072,479,479,479,496,480,479,479,484,480,7,423,436,480,427,480,475,363,479,421,480,480,484,429,480,476,479,479,479,0,480,539,480,455,463,480,482,428,482,372,4,489,479,432,488,478,429,362,480,399,480,480,3,480,480,378,482,7,3,430,493,507,515,515,479,428,542,445,401,427,363,391,480,479,507,480,482,484,4,403,480,540,507,16,420,364,539,4,425,486,480,421,503,481,479,499,514,398,481,534,363,426,498,536,429,482,480,501,481,524,479,7,465,364,534,508,480,485,399,480,533,479,465,448,510,2,482,485,481,540,481,427,479,458,480,400,446,479,427,485,362,498,481,3,430,447,504,479
MB086146,1,1,1,324,0,1,1,6,2,475,430,467,0,438,2,423,465,1,434,2,0,484,440,0,476,1,1,1,480,0,490,2,477,417,2,4,451,4,454,476,493,1,475,492,482,466,476,0,412,0,2,481,2,2,451,4,477,481,431,321,480,498,498,1,441,495,446,417,470,477,231,2,1,501,2,4,459,482,398,0,491,501,466,457,472,490,480,456,288,2,432,585,3,1,487,497,411,3,485,477,437,494,489,440,4,0,499,3,542,1,487,411,478,483,441,2,489,412,0,549,1,380,435,443,480,4,489,3,491,3,452,1,477,2,415,485,1,430,487,474,496,3,481,421,430,474,1
L00029597_1,489,489,489,521,490,489,489,494,490,534,510,511,490,514,490,488,506,489,508,490,490,530,514,490,526,489,489,489,539,490,0,490,491,519,490,492,469,492,505,537,539,489,525,538,528,516,505,490,490,490,490,538,490,490,465,492,540,538,481,518,589,553,553,489,519,5,512,542,524,506,259,490,489,548,490,492,501,541,490,490,1,548,545,515,501,2,541,516,527,490,510,606,491,489,542,552,485,491,5,506,511,514,5,516,492,490,511,491,562,489,544,462,507,9,179,490,533,488,490,569,489,490,479,177,539,492,533,491,1,491,502,489,473,490,487,523,489,484,535,505,508,491,538,511,492,512,489
L00042518,1,1,1,324,2,1,1,6,2,475,430,467,2,438,2,423,465,1,434,2,2,484,440,2,476,1,1,1,480,2,490,0,477,417,2,4,451,4,454,476,493,1,475,492,482,466,476,2,412,2,2,481,0,2,451,4,477,481,431,321,480,498,498,1,441,495,446,417,470,477,231,2,1,501,2,4,459,482,398,2,491,501,466,457,472,490,480,456,288,2,432,585,3,1,487,497,411,3,485,477,437,494,489,440,4,2,499,3,542,1,487,411,478,483,441,2,489,412,2,549,1,380,435,443,480,4,489,3,491,3,452,1,477,2,415,485,1,430,487,474,496,3,481,421,430,474,1
L00036434,476,476,476,487,477,476,476,481,477,448,492,526,477,498,477,451,477,476,495,477,477,443,498,477,439,476,476,476,455,477,491,477,0,452,477,479,460,479,476,453,448,476,485,447,449,482,476,477,482,477,477,454,477,477,470,479,454,454,485,484,523,526,526,476,482,496,472,416,483,477,358,477,476,466,477,479,481,455,485,477,492,466,461,476,472,493,455,479,485,477,493,536,478,476,466,525,481,478,486,477,495,473,490,498,479,477,474,478,503,476,460,422,478,490,440,477,446,482,477,510,476,468,496,442,453,479,446,478,492,478,494,476,507,477,483,481,476,486,446,476,469,478,454,500,469,479,476
MB091565,416,416,416,463,417,416,416,421,417,458,417,491,417,425,417,422,441,416,421,417,417,107,427,417,97,416,416,416,463,417,519,417,452,0,417,419,418,419,434,461,96,416,462,95,85,453,442,417,413,417,417,464,417,417,452,419,464,464,422,460,467,553,553,416,442,524,441,462,457,443,266,417,416,504,417,419,462,465,411,417,520,504,465,444,438,519,465,445,459,417,419,578,418,416,496,552,412,418,514,443,424,485,518,427,419,417,486,418,539,416,470,406,444,514,484,417,92,413,417,546,416,451,488,486,463,419,92,418,520,418,435,416,496,417,416,464,416,421,92,440,483,418,464,420,469,485,416
MB088826,1,1,1,324,2,1,1,6,2,475,430,467,2,438,2,423,465,1,434,2,2,484,440,2,476,1,1,1,480,2,490,2,477,417,0,4,451,4,454,476,493,1,475,492,482,466,476,2,412,2,2,481,2,0,451,4,477,481,431,321,480,498,498,1,441,495,446,417,470,477,231,0,1,501,2,4,459,482,398,2,491,501,466,457,472,490,480,456,288,2,432,585,3,1,487,497,411,3,485,477,437,494,489,440,4,2,499,3,542,1,487,411,478,483,441,0,489,412,2,549,1,380,435,443,480,4,489,3,491,3,452,1,477,2,415,485,1,430,487,474,496,3,481,421,430,474,1
MB092759,3,3,3,326,4,3,3,8,4,477,432,469,4,440,4,425,467,3,436,4,4,486,442,4,478,3,3,3,482,4,492,4,479,419,4,0,453,6,456,478,495,3,477,494,484,468,478,4,414,4,4,483,4,4,453,6,479,483,433,323,482,500,500,3,443,497,448,419,472,479,233,4,3,503,4,6,461,484,400,4,493,503,468,459,474,492,482,458,290,4,434,587,5,3,489,499,413,5,487,479,439,496,491,442,6,4,501,5,544,3,489,413,480,485,443,4,491,414,4,551,3,382,437,445,482,6,491,5,493,5,454,3,479,4,417,487,3,432,489,476,498,5,483,423,432,476,3
MB092665,450,450,450,391,451,450,450,455,451,423,139,196,451,141,451,402,395,450,137,451,451,453,141,451,445,450,450,450,428,451,469,451,460,418,451,453,0,453,394,426,460,450,164,459,453,163,390,451,81,451,451,425,451,451,243,453,427,427,98,390,500,508,508,450,178,472,105,451,163,389,354,451,450,456,451,453,285,428,91,451,470,456,432,164,388,469,428,163,395,451,137,510,452,450,450,509,76,452,468,391,138,489,466,143,453,451,488,452,525,450,429,408,390,472,432,451,458,75,451,534,450,186,364,438,428,453,458,452,470,452,151,450,390,451,76,154,450,97,458,392,487,452,425,148,177,485,450
MB085338_1,3,3,3,326,4,3,3,8,4,477,432,469,4,440,4,425,467,3,436,4,4,486,442,4,478,3,3,3,482,4,492,4,479,419,4,6,453,0,456,478,495,3,477,494,484,468,478,4,414,4,4,483,4,4,453,6,479,483,433,323,482,500,500,3,443,497,448,419,472,479,233,4,3,503,4,0,461,484,400,4,493,503,468,459,474,492,482,458,290,4,434,587,5,3,489,499,413,5,487,479,439,496,491,442,0,4,501,5,544,3,489,413,480,485,443,4,491,414,4,551,3,382,437,445,482,0,491,5,493,5,454,3,479,4,417,487,3,432,489,476,498,5,483,423,432,476,3
MB084806,453,453,453,484,454,453,453,458,454,367,416,310,454,424,454,431,11,453,420,454,454,450,426,454,442,453,453,453,372,454,505,454,476,434,454,456,394,456,0,368,459,453,452,458,448,435,22,454,393,454,454,373,454,454,378,456,371,373,403,481,442,492,492,453,412,510,458,422,447,23,363,454,453,511,454,456,473,374,379,454,506,511,358,426,20,505,372,427,472,454,418,530,455,453,499,491,392,455,500,25,423,488,504,426,456,454,493,455,524,453,379,420,24,498,492,454,455,393,454,531,453,459,424,492,372,456,455,455,506,455,382,453,450,454,396,445,453,402,453,22,490,455,373,407,461,470,453
MB085749,475,475,475,494,476,475,475,480,476,7,421,432,476,427,476,475,361,475,421,476,476,484,429,476,476,475,475,475,4,476,537,476,453,461,476,478,426,478,368,0,487,475,432,486,476,429,362,476,399,476,476,5,476,476,376,478,7,5,428,491,503,513,513,475,426,542,443,405,425,363,389,476,475,507,476,478,482,8,401,476,538,507,16,420,362,537,8,423,482,476,419,503,477,475,497,512,396,477,532,363,426,498,536,429,478,476,501,477,526,475,11,467,364,532,506,476,483,397,476,533,475,465,444,508,6,478,483,477,538,477,425,475,454,476,400,446,475,425,483,362,496,477,5,426,445,500,475
MB084946,492,492,492,497,493,492,492,497,493,484,477,518,493,481,493,436,466,492,483,493,493,19,481,493,21,492,492,492,489,493,539,493,448,96,493,495,460,495,459,487,0,492,466,3,11,463,465,493,481,493,493,488,493,493,498,495,488,490,486,496,491,557,557,492,460,538,475,428,465,464,282,493,492,475,493,495,496,489,479,493,540,475,491,462,463,539,489,461,495,493,479,598,494,492,475,558,480,494,534,462,482,499,536,481,495,493,500,494,553,492,488,416,465,534,500,493,6,477,493,562,492,491,512,502,489,495,6,494,540,494,472,492,524,493,480,471,492,483,6,465,499,494,488,474,461,497,492
MB082680,0,0,0,323,1,0,0,5,1,474,429,466,1,437,1,422,464,0,433,1,1,483,439,1,475,0,0,0,479,1,489,1,476,416,1,3,450,3,453,475,492,0,474,491,481,465,475,1,411,1,1,480,1,1,450,3,476,480,430,320,479,497,497,0,440,494,445,416,469,476,230,1,0,500,1,3,458,481,397,1,490,500,465,456,471,489,479,455,287,1,431,584,2,0,486,496,410,2,484,476,436,493,488,439,3,1,498,2,541,0,486,410,477,482,440,1,488,411,1,548,0,379,434,442,479,3,488,2,490,2,451,0,476,1,414,484,0,429,486,473,495,2,480,420,429,473,0
L00038889,474,474,474,449,475,474,474,479,475,425,123,254,475,123,475,434,453,474,123,475,475,459,121,475,453,474,474,474,432,475,525,475,485,462,475,477,164,477,452,432,466,474,0,465,459,35,448,475,127,475,475,431,475,475,271,477,429,433,166,448,524,538,538,474,54,526,119,443,11,447,390,475,474,464,475,477,283,430,137,475,526,464,434,38,446,527,430,39,455,475,123,534,476,474,458,539,126,476,522,449,118,521,520,123,477,475,516,476,537,474,433,438,448,524,460,475,462,123,475,548,474,136,392,466,430,477,462,476,526,476,133,474,410,475,122,92,474,169,464,450,519,476,431,134,101,517,474
MB080831,491,491,491,496,492,491,491,496,492,483,476,517,492,484,492,435,465,491,482,492,492,18,484,492,20,491,491,491,488,492,538,492,447,95,492,494,459,494,458,486,3,491,465,0,10,466,464,492,480,492,492,487,492,492,497,494,487,489,485,495,490,556,556,491,459,541,474,431,464,463,281,492,491,478,492,494,499,488,478,492,539,478,490,461,462,538,488,460,494,492,478,597,493,491,474,557,479,493,533,465,481,498,535,484,494,492,499,493,552,491,491,415,464,533,499,492,5,476,492,561,491,490,511,501,488,494,5,493,539,493,471,491,523,492,479,472,491,482,5,464,498,493,487,477,460,496,491
L00027056,481,481,481,488,482,481,481,486,482,473,468,509,482,476,482,437,455,481,472,482,482,24,478,482,16,481,481,481,478,482,528,482,449,85,482,484,453,484,448,476,11,481,459,10,0,460,456,482,470,482,482,479,482,482,487,484,479,479,477,485,482,548,548,481,449,533,468,435,454,457,271,482,481,484,482,484,493,480,468,482,529,484,480,451,452,528,480,452,486,482,470,589,483,481,476,547,469,483,523,457,475,490,527,478,484,482,491,483,554,481,485,419,458,523,489,482,9,470,482,561,481,480,501,491,478,484,9,483,529,483,461,481,513,482,473,466,481,476,9,454,488,483,479,469,466,490,481
MB086151,465,465,465,450,466,465,465,470,466,424,116,235,466,112,466,429,436,465,114,466,466,460,110,466,452,465,465,465,429,466,516,466,482,453,466,468,163,468,435,429,463,465,35,466,460,0,431,466,124,466,466,428,466,466,256,468,428,430,165,449,529,531,531,465,25,513,122,438,38,430,385,466,465,453,466,468,284,429,134,466,517,453,433,9,429,518,429,10,454,466,116,535,467,465,451,532,121,467,515,428,111,518,511,112,468,466,515,467,536,465,426,433,431,519,463,466,465,120,466,547,465,135,391,467,429,468,465,467,517,467,120,465,409,466,117,89,465,166,465,433,518,467,428,121,112,514,465
MB081484,475,475,475,484,476,475,475,480,476,357,414,320,476,422,476,447,11,475,418,476,476,460,422,476,450,475,475,475,362,476,505,476,476,442,476,478,390,478,22,362,465,475,448,464,456,431,0,476,391,476,476,359,476,476,372,478,361,361,399,483,462,496,496,475,430,510,454,422,445,1,375,476,475,511,476,478,479,360,395,476,506,511,364,424,4,505,362,425,492,476,414,522,477,475,507,497,390,477,500,5,419,494,504,422,478,476,495,477,524,475,365,422,2,502,492,476,461,389,476,531,475,459,446,494,360,478,461,477,506,477,390,475,466,476,392,441,475,398,461,4,492,477,359,421,459,490,475
MB089698,1,1,1,324,0,1,1,6,2,475,430,467,0,438,2,423,465,1,434,2,0,484,440,0,476,1,1,1,480,0,490,2,477,417,2,4,451,4,454,476,493,1,475,492,482,466,476,0,412,0,2,481,2,2,451,4,477,481,431,321,480,498,498,1,441,495,446,417,470,477,231,2,1,501,2,4,459,482,398,0,491,501,466,457,472,490,480,456,288,2,432,585,3,1,487,497,411,3,485,477,437,494,489,440,4,0,499,3,542,1,487,411,478,483,441,2,489,412,0,549,1,380,435,443,480,4,489,3,491,3,452,1,477,2,415,485,1,430,487,474,496,3,481,421,430,474,1
MB086605,411,411,411,406,412,411,411,416,412,392,104,171,412,104,412,409,394,411,102,412,412,472,106,412,462,411,411,411,399,412,490,412,482,413,412,414,81,414,393,399,481,411,127,480,470,124,391,412,0,412,412,400,412,412,224,414,398,400,69,403,495,529,529,411,133,493,72,452,124,392,361,412,411,483,412,414,272,399,18,412,491,483,401,121,387,490,399,126,410,412,106,505,413,411,477,528,5,413,489,392,103,486,487,108,414,412,485,413,526,411,404,405,393,487,447,412,477,8,412,535,411,135,371,453,397,414,477,413,491,413,120,411,389,412,7,131,411,70,477,391,484,413,400,113,144,484,411
MB085526,1,1,1,324,0,1,1,6,2,475,430,467,0,438,2,423,465,1,434,2,0,484,440,0,476,1,1,1,480,0,490,2,477,417,2,4,451,4,454,476,493,1,475,492,482,466,476,0,412,0,2,481,2,2,451,4,477,481,431,321,480,498,498,1,441,495,446,417,470,477,231,2,1,501,2,4,459,482,398,0,491,501,466,457,472,490,480,456,288,2,432,585,3,1,487,497,411,3,485,477,437,494,489,440,4,0,499,3,542,1,487,411,478,483,441,2,489,412,0,549,1,380,435,443,480,4,489,3,491,3,452,1,477,2,415,485,1,430,487,474,496,3,481,421,430,474,1
L00004048,1,1,1,324,2,1,1,6,2,475,430,467,2,438,0,423,465,1,434,2,2,484,440,2,476,1,1,1,480,2,490,2,477,417,2,4,451,4,454,476,493,1,475,492,482,466,476,2,412,2,0,481,2,2,451,4,477,481,431,321,480,498,498,1,441,495,446,417,470,477,231,2,1,501,2,4,459,482,398,2,491,501,466,457,472,490,480,456,288,2,432,585,3,1,487,497,411,3,485,477,437,494,489,440,4,2,499,3,542,1,487,411,478,483,441,2,489,412,2,549,1,380,435,443,480,4,489,3,491,3,452,1,477,2,415,485,1,430,487,474,496,3,481,421,430,474,1
MB091987,480,480,480,493,481,480,480,485,481,8,420,435,481,428,481,476,364,480,422,481,481,487,428,481,479,480,480,480,3,481,538,481,454,464,481,483,425,483,373,5,488,480,431,487,479,428,359,481,400,481,481,0,481,481,377,483,6,2,427,492,506,514,514,480,431,543,442,402,426,360,392,481,480,506,481,483,485,3,406,481,539,506,19,421,363,538,5,422,487,481,418,500,482,480,500,515,397,482,533,362,425,499,537,428,483,481,500,482,525,480,6,466,361,537,507,481,484,396,481,532,480,466,449,509,3,483,484,482,539,482,426,480,459,481,399,445,480,424,484,361,497,482,0,431,444,503,480
MB086490,1,1,1,324,2,1,1,6,2,475,430,467,2,438,2,423,465,1,434,2,2,484,440,2,476,1,1,1,480,2,490,0,477,417,2,4,451,4,454,476,493,1,475,492,482,466,476,2,412,2,2,481,0,2,451,4,477,481,431,321,480,498,498,1,441,495,446,417,470,477,231,2,1,501,2,4,459,482,398,2,491,501,466,457,472,490,480,456,288,2,432,585,3,1,487,497,411,3,485,477,437,494,489,440,4,2,499,3,542,1,487,411,478,483,441,2,489,412,2,549,1,380,435,443,480,4,489,3,491,3,452,1,477,2,415,485,1,430,487,474,496,3,481,421,430,474,1
MB091939,1,1,1,324,2,1,1,6,2,475,430,467,2,438,2,423,465,1,434,2,2,484,440,2,476,1,1,1,480,2,490,2,477,417,0,4,451,4,454,476,493,1,475,492,482,466,476,2,412,2,2,481,2,0,451,4,477,481,431,321,480,498,498,1,441,495,446,417,470,477,231,0,1,501,2,4,459,482,398,2,491,501,466,457,472,490,480,456,288,2,432,585,3,1,487,497,411,3,485,477,437,494,489,440,4,2,499,3,542,1,487,411,478,483,441,0,489,412,2,549,1,380,435,443,480,4,489,3,491,3,452,1,477,2,415,485,1,430,487,474,496,3,481,421,430,474,1
MB082781,450,450,450,489,451,450,450,455,451,371,252,306,451,254,451,467,375,450,250,451,451,491,254,451,481,450,450,450,378,451,465,451,470,452,451,453,243,453,378,376,498,450,271,497,487,256,372,451,224,451,451,377,451,451,0,453,377,377,228,486,518,546,546,450,263,470,270,473,270,373,360,451,450,478,451,453,328,378,228,451,466,478,382,255,368,467,378,256,491,451,252,523,452,450,474,545,221,452,464,373,251,491,464,256,453,451,488,452,549,450,383,463,374,468,420,451,496,224,451,556,450,227,414,424,376,453,496,452,466,452,234,450,432,451,223,261,450,233,496,372,487,452,377,259,252,487,450
L00006438,3,3,3,326,4,3,3,8,4,477,432,469,4,440,4,425,467,3,436,4,4,486,442,4,478,3,3,3,482,4,492,4,479,419,4,6,453,6,456,478,495,3,477,494,484,468,478,4,414,4,4,483,4,4,453,0,479,483,433,323,482,500,500,3,443,497,448,419,472,479,233,4,3,503,4,6,461,484,400,4,493,503,468,459,474,492,482,458,290,4,434,587,5,3,489,499,413,5,487,479,439,496,491,442,6,4,501,5,544,3,489,413,480,485,443,4,491,414,4,551,3,382,437,445,482,6,491,1,493,5,454,3,479,4,417,487,3,432,489,476,498,5,483,423,432,476,3
L00040772,476,476,476,491,477,476,476,481,477,6,420,435,477,426,477,474,364,476,422,477,477,483,426,477,477,476,476,476,7,477,540,477,454,464,477,479,427,479,371,7,488,476,429,487,479,428,361,477,398,477,477,6,477,477,377,479,0,8,427,490,504,516,516,476,427,543,444,404,428,362,392,477,476,504,477,479,483,5,402,477,541,504,17,421,363,540,5,422,483,477,420,502,478,476,496,517,399,478,535,364,423,495,537,426,479,477,498,478,525,476,10,470,363,535,507,477,484,398,477,534,476,462,445,511,5,479,484,478,541,478,424,476,457,477,399,445,476,426,482,363,497,478,6,429,446,501,476
L00012343,480,480,480,495,481,480,480,485,481,8,422,437,481,428,481,478,364,480,422,481,481,487,430,481,479,480,480,480,3,481,538,481,454,464,481,483,427,483,373,5,490,480,433,489,479,430,361,481,400,481,481,2,481,481,377,483,8,0,429,492,508,516,516,480,431,541,444,402,426,362,392,481,480,508,481,483,487,5,406,481,537,508,17,421,363,536,5,424,487,481,420,502,482,480,502,515,397,482,533,362,427,501,537,430,483,481,502,482,525,480,8,466,361,537,507,481,486,398,481,532,480,466,449,509,3,483,486,482,537,482,426,480,459,481,401,447,480,426,486,361,497,482,2,431,446,505,480
MB093021,430,430,430,417,431,430,430,435,431,423,111,184,431,115,431,423,404,430,113,431,431,479,113,431,469,430,430,430,430,431,481,431,485,422,431,433,98,433,403,428,486,430,166,485,477,165,399,431,69,431,431,427,431,431,228,433,427,429,0,416,500,536,536,430,176,486,81,463,171,400,372,431,430,478,431,433,276,428,79,431,482,478,432,168,397,483,430,167,425,431,113,517,432,430,472,537,66,432,480,402,110,489,480,115,433,431,484,432,547,430,433,427,401,484,438,431,480,67,431,554,430,157,384,444,428,433,480,432,482,432,133,430,402,431,66,140,430,5,482,401,485,432,427,120,171,485,430
MB088330,320,320,320,3,321,320,320,325,321,486,427,456,321,431,321,426,486,320,427,321,321,489,433,321,481,320,320,320,493,321,518,321,484,460,321,323,390,323,481,491,496,320,448,495,485,449,483,321,403,321,321,492,321,321,486,323,490,492,416,0,519,457,457,320,446,523,425,426,445,484,326,321,320,500,321,323,490,493,407,321,519,500,491,440,479,518,493,439,37,321,425,560,322,320,494,456,402,322,513,484,430,537,517,433,323,321,534,322,547,320,498,420,485,515,487,321,490,403,321,554,320,469,442,489,491,323,490,322,519,322,447,320,486,321,406,474,320,415,492,481,531,322,492,430,467,529,320
L00019656,479,479,479,520,480,479,479,484,480,502,499,514,480,509,480,501,453,479,505,480,480,488,509,480,482,479,479,479,507,480,589,480,523,467,480,482,500,482,442,503,491,479,524,490,482,529,462,480,495,480,480,506,480,480,518,482,504,508,500,519,0,544,544,479,508,594,527,483,521,463,403,480,479,537,480,482,502,507,483,480,590,537,493,522,460,589,507,521,498,480,501,605,481,479,525,545,494,481,584,467,506,514,588,509,482,480,517,481,568,479,512,491,464,582,550,480,487,493,480,575,479,527,462,552,507,482,487,481,590,481,509,479,500,480,496,544,479,499,485,464,518,481,506,494,529,498,479
MB093049,497,497,497,458,498,497,497,502,498,512,541,530,498,551,498,535,493,497,547,498,498,554,551,498,544,497,497,497,515,498,553,498,526,553,498,500,508,500,492,513,557,497,538,556,548,531,496,498,529,498,498,514,498,498,546,500,516,516,536,457,544,0,0,497,522,558,537,517,537,497,427,498,497,549,498,500,532,515,525,498,554,549,509,524,500,553,517,525,462,498,543,592,499,497,539,1,528,499,548,499,548,550,552,551,500,498,553,499,638,497,520,513,498,548,540,498,551,527,498,645,497,541,514,544,515,500,551,499,554,499,553,497,546,498,530,554,497,535,553,498,550,499,514,544,535,544,497
MB088577,497,497,497,458,498,497,497,502,498,512,541,530,498,551,498,535,493,497,547,498,498,554,551,498,544,497,497,497,515,498,553,498,526,553,498,500,508,500,492,513,557,497,538,556,548,531,496,498,529,498,498,514,498,498,546,500,516,516,536,457,544,0,0,497,522,558,537,517,537,497,427,498,497,549,498,500,532,515,525,498,554,549,509,524,500,553,517,525,462,498,543,592,499,497,539,1,528,499,548,499,548,550,552,551,500,498,553,499,638,497,520,513,498,548,540,498,551,527,498,645,497,541,514,544,515,500,551,499,554,499,553,497,546,498,530,554,497,535,553,498,550,499,514,544,535,544,497
MBO84356,0,0,0,323,1,0,0,5,1,474,429,466,1,437,1,422,464,0,433,1,1,483,439,1,475,0,0,0,479,1,489,1,476,416,1,3,450,3,453,475,492,0,474,491,481,465,475,1,411,1,1,480,1,1,450,3,476,480,430,320,479,497,497,0,440,494,445,416,469,476,230,1,0,500,1,3,458,481,397,1,490,500,465,456,471,489,479,455,287,1,431,584,2,0,486,496,410,2,484,476,436,493,488,439,3,1,498,2,541,0,486,410,477,482,440,1,488,411,1,548,0,379,434,442,479,3,488,2,490,2,451,0,476,1,414,484,0,429,486,473,495,2,480,420,429,473,0
MB089024,440,440,440,449,441,440,440,445,441,423,123,230,441,129,441,408,419,440,125,441,441,451,131,441,443,440,440,440,428,441,519,441,482,442,441,443,178,443,412,426,460,440,54,459,449,25,430,441,133,441,441,431,441,441,263,443,427,431,176,446,508,522,522,440,0,522,141,435,49,431,370,441,440,456,441,443,289,430,129,441,520,456,420,20,426,519,428,23,431,441,129,534,442,440,442,521,134,442,518,431,128,507,516,133,443,441,510,442,539,440,435,426,432,512,462,441,456,137,441,548,440,142,366,466,428,443,456,442,520,442,123,440,392,441,136,112,440,177,454,428,511,442,431,116,129,493,440
MB092409,494,494,494,526,495,494,494,499,495,537,515,516,495,511,495,491,511,494,511,495,495,531,511,495,529,494,494,494,542,495,5,495,496,524,495,497,472,497,510,542,538,494,526,541,533,513,510,495,493,495,495,543,495,495,470,497,543,541,486,523,594,558,558,494,522,0,515,539,529,509,264,495,494,545,495,497,498,544,493,495,4,545,546,518,506,5,542,521,530,495,515,611,496,494,543,557,490,496,10,505,512,517,6,513,497,495,514,496,563,494,541,465,508,12,184,495,538,491,495,574,494,493,484,182,542,497,538,496,4,496,507,494,478,495,488,522,494,487,540,510,513,496,543,510,495,515,494
MB081290,445,445,445,426,446,445,445,450,446,440,104,235,446,106,446,419,459,445,104,446,446,468,104,446,460,445,445,445,445,446,512,446,472,441,446,448,105,448,458,443,475,445,119,474,468,122,454,446,72,446,446,442,446,446,270,448,444,444,81,425,527,537,537,445,141,515,0,454,120,453,391,446,445,473,446,448,236,445,82,446,513,473,449,127,452,514,445,126,430,446,104,525,447,445,467,538,67,447,511,455,101,516,509,106,448,446,513,447,558,445,446,429,454,517,453,446,473,66,446,567,445,119,407,457,445,448,473,447,513,447,138,445,425,446,65,81,445,82,473,456,514,447,442,113,124,510,445
MB083835,416,416,416,429,417,416,416,421,417,398,462,488,417,458,417,422,423,416,462,417,417,423,460,417,423,416,416,416,401,417,542,417,416,462,417,419,451,419,422,405,428,416,443,431,435,438,422,417,452,417,417,402,417,417,473,419,404,402,463,426,483,517,517,416,435,539,454,0,442,421,372,417,416,444,417,419,443,401,456,417,543,444,401,435,424,542,399,440,423,417,462,552,418,416,452,516,453,418,537,417,463,484,537,458,419,417,485,418,521,416,396,390,422,537,497,417,430,452,417,532,416,444,429,503,399,419,430,418,543,418,461,416,457,417,453,448,416,460,430,422,482,418,402,459,434,480,416
MB087293,469,469,469,448,470,469,469,474,470,422,120,249,470,122,470,435,448,469,116,470,470,460,124,470,452,469,469,469,427,470,524,470,483,457,470,472,163,472,447,425,465,469,11,464,454,38,445,470,124,470,470,426,470,470,270,472,428,426,171,445,521,537,537,469,49,529,120,442,0,446,387,470,469,467,470,472,288,429,136,470,525,467,431,31,441,524,429,34,452,470,116,531,471,469,461,536,121,471,521,446,121,520,523,126,472,470,519,471,536,469,432,437,447,523,459,470,461,122,470,543,469,137,387,463,427,472,461,471,525,471,130,469,407,470,125,95,469,170,461,445,516,471,426,129,102,516,469
MB083076,476,476,476,485,477,476,476,481,477,358,415,321,477,421,477,448,12,476,419,477,477,459,421,477,451,476,476,476,363,477,506,477,477,443,477,479,389,479,23,363,464,476,447,463,457,430,1,477,392,477,477,360,477,477,373,479,362,362,400,484,463,497,497,476,431,509,453,421,446,0,376,477,476,510,477,479,478,361,396,477,507,510,365,425,5,506,361,426,491,477,415,523,478,476,506,498,391,478,501,4,418,495,503,421,479,477,496,478,523,476,364,421,1,503,493,477,462,388,477,532,476,460,447,495,361,479,462,478,507,478,391,476,467,477,391,440,476,397,462,5,493,478,360,420,458,489,476
MB087710,230,230,230,329,231,230,230,235,231,386,371,396,231,379,231,332,370,230,375,231,231,281,381,231,271,230,230,230,391,231,259,231,358,266,231,233,354,233,363,389,282,230,390,281,271,385,375,231,361,231,231,392,231,231,360,233,392,392,372,326,403,427,427,230,370,264,391,372,387,376,0,231,230,403,231,233,380,393,355,231,260,403,387,376,371,259,393,377,323,231,373,504,232,230,393,426,360,232,254,376,378,373,258,381,233,231,374,232,427,230,398,298,377,254,252,231,276,361,231,434,230,363,360,254,391,233,276,232,260,232,369,230,386,231,364,404,230,371,278,373,371,232,392,368,365,363,230
MB090190,1,1,1,324,2,1,1,6,2,475,430,467,2,438,2,423,465,1,434,2,2,484,440,2,476,1,1,1,480,2,490,2,477,417,0,4,451,4,454,476,493,1,475,492,482,466,476,2,412,2,2,481,2,0,451,4,477,481,431,321,480,498,498,1,441,495,446,417,470,477,231,0,1,501,2,4,459,482,398,2,491,501,466,457,472,490,480,456,288,2,432,585,3,1,487,497,411,3,485,477,437,494,489,440,4,2,499,3,542,1,487,411,478,483,441,0,489,412,2,549,1,380,435,443,480,4,489,3,491,3,452,1,477,2,415,485,1,430,487,474,496,3,481,421,430,474,1
MB081274,0,0,0,323,1,0,0,5,1,474,429,466,1,437,1,422,464,0,433,1,1,483,439,1,475,0,0,0,479,1,489,1,476,416,1,3,450,3,453,475,492,0,474,491,481,465,475,1,411,1,1,480,1,1,450,3,476,480,430,320,479,497,497,0,440,494,445,416,469,476,230,1,0,500,1,3,458,481,397,1,490,500,465,456,471,489,479,455,287,1,431,584,2,0,486,496,410,2,484,476,436,493,488,439,3,1,498,2,541,0,486,410,477,482,440,1,488,411,1,548,0,379,434,442,479,3,488,2,490,2,451,0,476,1,414,484,0,429,486,473,495,2,480,420,429,473,0
MBO89963,500,500,500,501,501,500,500,505,501,500,491,506,501,489,501,504,514,500,493,501,501,478,489,501,476,500,500,500,507,501,548,501,466,504,501,503,456,503,511,507,475,500,464,478,484,453,511,501,483,501,501,506,501,501,478,503,504,508,478,500,537,549,549,500,456,545,473,444,467,510,403,501,500,0,501,503,432,505,487,501,549,0,507,454,509,548,505,455,493,501,491,610,502,500,16,550,482,502,543,508,492,519,543,487,503,501,518,502,546,500,500,478,511,547,518,501,477,479,501,557,500,477,494,524,505,503,477,502,549,502,503,500,532,501,480,486,500,477,477,513,519,502,506,490,461,519,500
MB089146,1,1,1,324,2,1,1,6,2,475,430,467,2,438,2,423,465,1,434,0,2,484,440,2,476,1,1,1,480,2,490,2,477,417,2,4,451,4,454,476,493,1,475,492,482,466,476,2,412,2,2,481,2,2,451,4,477,481,431,321,480,498,498,1,441,495,446,417,470,477,231,2,1,501,0,4,459,482,398,2,491,501,466,457,472,490,480,456,288,2,432,585,3,1,487,497,411,3,485,477,437,494,489,440,4,2,499,3,542,1,487,411,478,483,441,2,489,412,2,549,1,380,435,443,480,4,489,3,491,3,452,1,477,2,415,485,1,430,487,474,496,3,481,421,430,474,1
MB085338_2,3,3,3,326,4,3,3,8,4,477,432,469,4,440,4,425,467,3,436,4,4,486,442,4,478,3,3,3,482,4,492,4,479,419,4,6,453,0,456,478,495,3,477,494,484,468,478,4,414,4,4,483,4,4,453,6,479,483,433,323,482,500,500,3,443,497,448,419,472,479,233,4,3,503,4,0,461,484,400,4,493,503,468,459,474,492,482,458,290,4,434,587,5,3,489,499,413,5,487,479,439,496,491,442,0,4,501,5,544,3,489,413,480,485,443,4,491,414,4,551,3,382,437,445,482,0,491,5,493,5,454,3,479,4,417,487,3,432,489,476,498,5,483,423,432,476,3
L00044208,458,458,458,491,459,458,458,463,459,479,256,402,459,254,459,429,476,458,260,459,459,491,252,459,483,458,458,458,484,459,501,459,481,462,459,461,285,461,473,482,496,458,283,499,493,284,479,459,272,459,459,485,459,459,328,461,483,487,276,490,502,532,532,458,289,498,236,443,288,478,380,459,458,432,459,461,0,484,270,459,502,432,482,293,477,503,484,294,485,459,262,549,460,458,430,533,271,460,500,476,255,445,496,252,461,459,446,460,561,458,479,447,479,498,454,459,498,270,459,572,458,265,412,458,484,461,498,460,502,460,278,458,422,459,267,251,458,279,498,481,447,460,485,255,304,441,458
L00004074,481,481,481,494,482,481,481,486,482,7,421,436,482,427,482,475,365,481,423,482,482,486,427,482,478,481,481,481,4,482,541,482,455,465,482,484,428,484,374,8,489,481,430,488,480,429,360,482,399,482,482,3,482,482,378,484,5,5,428,493,507,515,515,481,430,544,445,401,429,361,393,482,481,505,482,484,484,0,405,482,542,505,18,422,364,541,4,425,488,482,421,501,483,481,499,516,400,483,536,363,424,498,538,427,484,482,499,483,524,481,7,467,362,536,508,482,485,399,482,533,481,465,450,512,2,484,485,483,542,483,427,481,460,482,400,446,481,427,485,362,498,483,3,432,447,504,481
MB092927_2,397,397,397,410,398,397,397,402,398,398,114,165,398,118,398,393,384,397,114,398,398,466,118,398,458,397,397,397,403,398,490,398,485,411,398,400,91,400,379,401,479,397,137,478,468,134,395,398,18,398,398,406,398,398,228,400,402,406,79,407,483,525,525,397,129,493,82,456,136,396,355,398,397,487,398,400,270,405,0,398,491,487,391,133,391,492,403,136,398,398,118,511,399,397,473,524,17,399,489,396,115,486,487,120,400,398,489,399,530,397,410,403,397,487,449,398,475,20,398,539,397,145,357,455,403,400,475,399,491,399,118,397,379,398,17,141,397,84,473,395,490,399,406,111,150,472,397
MB078705,1,1,1,324,0,1,1,6,2,475,430,467,0,438,2,423,465,1,434,2,0,484,440,0,476,1,1,1,480,0,490,2,477,417,2,4,451,4,454,476,493,1,475,492,482,466,476,0,412,0,2,481,2,2,451,4,477,481,431,321,480,498,498,1,441,495,446,417,470,477,231,2,1,501,2,4,459,482,398,0,491,501,466,457,472,490,480,456,288,2,432,585,3,1,487,497,411,3,485,477,437,494,489,440,4,0,499,3,542,1,487,411,478,483,441,2,489,412,0,549,1,380,435,443,480,4,489,3,491,3,452,1,477,2,415,485,1,430,487,474,496,3,481,421,430,474,1
MB093074,490,490,490,522,491,490,490,495,491,535,511,512,491,515,491,489,507,490,509,491,491,531,515,491,527,490,490,490,540,491,1,491,492,520,491,493,470,493,506,538,540,490,526,539,529,517,506,491,491,491,491,539,491,491,466,493,541,537,482,519,590,554,554,490,520,4,513,543,525,507,260,491,490,549,491,493,502,542,491,491,0,549,544,516,502,1,542,517,528,491,511,607,492,490,543,553,486,492,6,507,512,515,6,517,493,491,512,492,563,490,545,463,506,10,180,491,534,489,491,570,490,491,480,178,540,493,534,492,0,492,503,490,474,491,488,524,490,485,536,506,509,492,539,512,493,513,490
L00015420,500,500,500,501,501,500,500,505,501,500,491,506,501,489,501,504,514,500,493,501,501,478,489,501,476,500,500,500,507,501,548,501,466,504,501,503,456,503,511,507,475,500,464,478,484,453,511,501,483,501,501,506,501,501,478,503,504,508,478,500,537,549,549,500,456,545,473,444,467,510,403,501,500,0,501,503,432,505,487,501,549,0,507,454,509,548,505,455,493,501,491,610,502,500,16,550,482,502,543,508,492,519,543,487,503,501,518,502,546,500,500,478,511,547,518,501,477,479,501,557,500,477,494,524,505,503,477,502,549,502,503,500,532,501,480,486,500,477,477,513,519,502,506,490,461,519,500
MB088834,465,465,465,494,466,465,465,470,466,19,425,428,466,429,466,461,357,465,425,466,466,484,431,466,478,465,465,465,16,466,545,466,461,465,466,468,432,468,358,16,491,465,434,490,480,433,364,466,401,466,466,19,466,466,382,468,17,17,432,491,493,509,509,465,420,546,449,401,431,365,387,466,465,507,466,468,482,18,391,466,544,507,0,424,366,543,16,429,474,466,425,513,467,465,495,508,402,467,540,365,428,500,542,431,468,466,507,467,528,465,23,469,364,536,512,466,487,403,466,537,465,465,434,516,16,468,487,467,544,467,421,465,448,466,404,450,465,431,485,364,504,467,19,426,449,490,465
MB091099,456,456,456,443,457,456,456,461,457,415,115,232,457,115,457,426,427,456,109,457,457,455,117,457,445,456,456,456,420,457,515,457,476,444,457,459,164,459,426,420,462,456,38,461,451,9,424,457,121,457,457,421,457,457,255,459,421,421,168,440,522,524,524,456,20,518,127,435,31,425,376,457,456,454,457,459,293,422,133,457,516,454,424,0,420,515,422,5,447,457,109,530,458,456,448,523,120,458,510,425,114,511,512,117,459,457,510,458,529,456,425,430,426,512,456,457,458,121,457,538,456,134,384,460,420,459,458,458,516,458,119,456,404,457,122,96,456,165,458,424,509,458,421,122,115,509,456
MB089718,471,471,471,482,472,471,471,476,472,357,412,318,472,418,472,451,13,471,414,472,472,456,420,472,446,471,471,471,364,472,501,472,472,438,472,474,388,474,20,362,463,471,446,462,452,429,4,472,387,472,472,363,472,472,368,474,363,363,397,479,460,500,500,471,426,506,452,424,441,5,371,472,471,509,472,474,477,364,391,472,502,509,366,420,0,501,364,423,488,472,412,526,473,471,505,499,386,473,496,7,417,492,500,420,474,472,493,473,520,471,369,424,6,498,488,472,459,387,472,527,471,455,442,490,362,474,459,473,502,473,386,471,462,472,390,439,471,396,459,6,488,473,363,417,457,488,471
L00005920,489,489,489,521,490,489,489,494,490,534,510,511,490,514,490,490,506,489,508,490,490,530,516,490,526,489,489,489,539,490,2,490,493,519,490,492,469,492,505,537,539,489,527,538,528,518,505,490,490,490,490,538,490,490,467,492,540,536,483,518,589,553,553,489,519,5,514,542,524,506,259,490,489,548,490,492,503,541,492,490,1,548,543,515,501,0,541,516,527,490,510,606,491,489,542,552,485,491,7,506,513,514,7,518,492,490,511,491,562,489,544,464,505,9,179,490,533,488,490,569,489,490,479,179,539,492,533,491,1,491,502,489,473,490,489,525,489,484,535,505,508,491,538,511,494,512,489
MB089866,479,479,479,496,480,479,479,484,480,7,423,438,480,425,480,475,363,479,423,480,480,482,427,480,478,479,479,479,4,480,541,480,455,465,480,482,428,482,372,8,489,479,430,488,480,429,362,480,399,480,480,5,480,480,378,482,5,5,430,493,507,517,517,479,428,542,445,399,429,361,393,480,479,505,480,482,484,4,403,480,542,505,16,422,364,541,0,427,484,480,423,503,481,479,497,516,400,481,536,361,424,498,536,427,482,480,501,481,522,479,7,465,362,536,508,480,487,399,480,533,479,463,448,512,2,482,487,481,542,481,425,479,458,480,400,446,479,427,485,362,498,481,5,428,447,502,479
MB082896,455,455,455,440,456,455,455,460,456,420,116,233,456,120,456,427,430,455,114,456,456,456,120,456,446,455,455,455,425,456,516,456,479,445,456,458,163,458,427,423,461,455,39,460,452,10,425,456,126,456,456,422,456,456,256,458,422,424,167,439,521,525,525,455,23,521,126,440,34,426,377,456,455,455,456,458,294,425,136,456,517,455,429,5,423,516,427,0,446,456,110,531,457,455,449,526,121,457,511,428,117,514,515,120,458,456,509,457,534,455,428,433,427,517,457,456,457,120,456,541,455,137,383,461,425,458,457,457,517,457,120,455,407,456,123,97,455,166,457,425,512,457,422,123,114,508,455
MB084351,287,287,287,38,288,287,287,292,288,481,430,453,288,436,288,413,481,287,434,288,288,486,438,288,482,287,287,287,486,288,527,288,485,459,288,290,395,290,472,482,495,287,455,494,486,454,492,288,410,288,288,487,288,288,491,290,483,487,425,37,498,462,462,287,431,530,430,423,452,491,323,288,287,493,288,290,485,488,398,288,528,493,474,447,488,527,484,446,0,288,432,563,289,287,479,461,409,289,522,491,435,532,524,438,290,288,537,289,558,287,491,417,492,520,490,288,493,408,288,567,287,472,427,492,486,290,493,289,528,289,446,287,475,288,411,479,287,422,491,490,534,289,487,419,468,512,287
MB093261,1,1,1,324,2,1,1,6,0,475,430,467,2,438,2,423,465,1,434,2,2,484,440,2,476,1,1,1,480,2,490,2,477,417,2,4,451,4,454,476,493,1,475,492,482,466,476,2,412,2,2,481,2,2,451,4,477,481,431,321,480,498,498,1,441,495,446,417,470,477,231,2,1,501,2,4,459,482,398,2,491,501,466,457,472,490,480,456,288,0,432,585,3,1,487,497,411,3,485,477,437,494,489,440,4,2,499,3,542,1,487,411,478,483,441,2,489,412,2,549,1,380,435,443,480,4,489,3,491,3,452,1,477,2,415,485,1,430,487,474,496,3,481,421,430,474,1
L00028203,431,431,431,426,432,431,431,436,432,416,8,219,432,10,432,419,419,431,4,432,432,474,10,432,464,431,431,431,421,432,510,432,493,419,432,434,137,434,418,419,479,431,123,478,470,116,414,432,106,432,432,418,432,432,252,434,420,420,113,425,501,543,543,431,129,515,104,462,116,415,373,432,431,491,432,434,262,421,118,432,511,491,425,109,412,510,423,110,432,432,0,521,433,431,485,544,103,433,505,417,7,494,509,10,434,432,493,433,532,431,424,423,416,509,465,432,475,102,432,539,431,155,383,469,421,434,475,433,511,433,86,431,401,432,105,107,431,110,475,416,492,433,418,21,142,490,431
MB092161,584,584,584,561,585,584,584,589,585,498,521,530,585,527,585,502,527,584,523,585,585,597,527,585,587,584,584,584,503,585,606,585,536,578,585,587,510,587,530,503,598,584,534,597,589,535,522,585,505,585,585,500,585,585,523,587,502,502,517,560,605,592,592,584,534,611,525,552,531,523,504,585,584,610,585,587,549,501,511,585,607,610,513,530,526,606,503,531,563,585,521,0,586,584,604,593,504,586,603,525,524,577,605,527,587,585,578,586,583,584,506,516,524,605,565,585,596,505,585,590,584,524,569,569,501,587,596,586,607,586,516,584,569,585,506,529,584,516,596,524,575,586,500,530,539,581,584
MB091566,2,2,2,325,3,2,2,7,3,476,431,468,3,439,3,424,466,2,435,3,3,485,441,3,477,2,2,2,481,3,491,3,478,418,3,5,452,5,455,477,494,2,476,493,483,467,477,3,413,3,3,482,3,3,452,5,478,482,432,322,481,499,499,2,442,496,447,418,471,478,232,3,2,502,3,5,460,483,399,3,492,502,467,458,473,491,481,457,289,3,433,586,0,2,488,498,412,0,486,478,438,495,490,441,5,3,500,4,543,2,488,412,479,484,442,3,490,413,3,550,2,381,436,444,481,5,490,4,492,4,453,2,478,3,416,486,2,431,488,475,497,4,482,422,431,475,2
MB080668,0,0,0,323,1,0,0,5,1,474,429,466,1,437,1,422,464,0,433,1,1,483,439,1,475,0,0,0,479,1,489,1,476,416,1,3,450,3,453,475,492,0,474,491,481,465,475,1,411,1,1,480,1,1,450,3,476,480,430,320,479,497,497,0,440,494,445,416,469,476,230,1,0,500,1,3,458,481,397,1,490,500,465,456,471,489,479,455,287,1,431,584,2,0,486,496,410,2,484,476,436,493,488,439,3,1,498,2,541,0,486,410,477,482,440,1,488,411,1,548,0,379,434,442,479,3,488,2,490,2,451,0,476,1,414,484,0,429,486,473,495,2,480,420,429,473,0
MB089963,486,486,486,495,487,486,486,491,487,494,483,496,487,489,487,494,502,486,487,487,487,472,489,487,468,486,486,486,499,487,542,487,466,496,487,489,450,489,499,497,475,486,458,474,476,451,507,487,477,487,487,500,487,487,474,489,496,502,472,494,525,539,539,486,442,543,467,452,461,506,393,487,486,16,487,489,430,499,473,487,543,16,495,448,505,542,497,449,479,487,485,604,488,486,0,540,476,488,537,508,486,511,537,489,489,487,514,488,544,486,502,474,507,537,512,487,473,473,487,555,486,469,480,518,499,489,473,488,543,488,493,486,518,487,474,482,486,471,471,509,515,488,500,480,459,507,486
MB092520,496,496,496,459,497,496,496,501,497,511,542,531,497,550,497,536,492,496,546,497,497,553,552,497,543,496,496,496,514,497,552,497,525,552,497,499,509,499,491,512,558,496,539,557,547,532,497,497,528,497,497,515,497,497,545,499,517,515,537,456,545,1,1,496,521,557,538,516,536,498,426,497,496,550,497,499,533,516,524,497,553,550,508,523,499,552,516,526,461,497,544,593,498,496,540,0,527,498,547,498,549,551,551,552,499,497,554,498,637,496,521,512,499,547,539,497,552,528,497,644,496,540,513,543,514,499,552,498,553,498,552,496,545,497,531,555,496,536,554,497,549,498,515,543,536,545,496
MB091794,410,410,410,405,411,410,410,415,411,393,103,170,411,105,411,410,393,410,101,411,411,471,107,411,461,410,410,410,398,411,485,411,481,412,411,413,76,413,392,396,480,410,126,479,469,121,390,411,5,411,411,397,411,411,221,413,399,397,66,402,494,528,528,410,134,490,67,453,121,391,360,411,410,482,411,413,271,400,17,411,486,482,402,120,386,485,400,121,409,411,103,504,412,410,476,527,0,412,484,391,104,487,484,109,413,411,484,412,527,410,403,404,392,488,444,411,476,3,411,534,410,134,370,450,398,413,476,412,486,412,117,410,388,411,4,128,410,67,476,390,483,412,397,112,139,483,410
L00018966,2,2,2,325,3,2,2,7,3,476,431,468,3,439,3,424,466,2,435,3,3,485,441,3,477,2,2,2,481,3,491,3,478,418,3,5,452,5,455,477,494,2,476,493,483,467,477,3,413,3,3,482,3,3,452,5,478,482,432,322,481,499,499,2,442,496,447,418,471,478,232,3,2,502,3,5,460,483,399,3,492,502,467,458,473,491,481,457,289,3,433,586,0,2,488,498,412,0,486,478,438,495,490,441,5,3,500,4,543,2,488,412,479,484,442,3,490,413,3,550,2,381,436,444,481,5,490,4,492,4,453,2,478,3,416,486,2,431,488,475,497,4,482,422,431,475,2
L00029597_2,484,484,484,516,485,484,484,489,485,529,509,510,485,513,485,485,501,484,507,485,485,531,513,485,521,484,484,484,534,485,5,485,486,514,485,487,468,487,500,532,534,484,522,533,523,515,500,485,489,485,485,533,485,485,464,487,535,533,480,513,584,548,548,484,518,10,511,537,521,501,254,485,484,543,485,487,500,536,489,485,6,543,540,510,496,7,536,511,522,485,505,603,486,484,537,547,484,486,0,501,510,509,4,513,487,485,506,486,557,484,539,459,502,12,174,485,528,485,485,564,484,489,476,172,534,487,528,486,6,486,501,484,470,485,486,522,484,481,530,500,503,486,533,510,491,507,484
MB088020,476,476,476,487,477,476,476,481,477,358,417,323,477,417,477,450,14,476,419,477,477,459,419,477,451,476,476,476,363,477,506,477,477,443,477,479,391,479,25,363,462,476,449,465,457,428,5,477,392,477,477,362,477,477,373,479,364,362,402,484,467,499,499,476,431,505,455,417,446,4,376,477,476,508,477,479,476,363,396,477,507,508,365,425,7,506,361,428,491,477,417,525,478,476,508,498,391,478,501,0,420,499,503,419,479,477,500,478,523,476,362,421,5,503,493,477,464,390,477,532,476,460,447,495,361,479,464,478,507,478,391,476,467,477,393,440,476,399,464,5,495,478,362,416,460,493,476
MB093025,436,436,436,431,437,436,436,441,437,419,7,220,437,5,437,418,424,436,5,437,437,475,3,437,467,436,436,436,426,437,511,437,495,424,437,439,138,439,423,426,482,436,118,481,475,111,419,437,103,437,437,425,437,437,251,439,423,427,110,430,506,548,548,436,128,512,101,463,121,418,378,437,436,492,437,439,255,424,115,437,512,492,428,114,417,513,424,117,435,437,7,524,438,436,486,549,104,438,510,420,0,497,506,5,439,437,496,438,533,436,427,422,419,510,470,437,480,103,437,544,436,152,386,474,424,439,480,438,512,438,85,436,402,437,100,102,436,111,480,421,497,438,425,20,141,493,436
MB085585,493,493,493,538,494,493,493,498,494,493,494,533,494,500,494,511,491,493,496,494,494,498,500,494,490,493,493,493,498,494,514,494,473,485,494,496,489,496,488,498,499,493,521,498,490,518,494,494,486,494,494,499,494,494,491,496,495,501,489,537,514,550,550,493,507,517,516,484,520,495,373,494,493,519,494,496,445,498,486,494,515,519,500,511,492,514,498,514,532,494,494,577,495,493,511,551,487,495,509,499,497,0,511,500,496,494,7,495,540,493,503,495,496,507,491,494,495,486,494,549,493,494,479,493,498,496,495,495,515,495,508,493,495,494,487,527,493,488,493,498,6,495,499,493,502,24,493
L00005918,488,488,488,520,489,488,488,493,489,531,509,510,489,509,489,485,505,488,505,489,489,531,509,489,523,488,488,488,536,489,5,489,490,518,489,491,466,491,504,536,536,488,520,535,527,511,504,489,487,489,489,537,489,489,464,491,537,537,480,517,588,552,552,488,516,6,509,537,523,503,258,489,488,543,489,491,496,538,487,489,6,543,542,512,500,7,536,515,524,489,509,605,490,488,537,551,484,490,4,503,506,511,0,511,491,489,508,490,557,488,539,459,504,12,178,489,532,485,489,568,488,487,478,176,536,491,532,490,6,490,501,488,472,489,482,518,488,481,534,504,507,490,537,508,489,509,488
MB085135,439,439,439,434,440,439,439,444,440,422,12,225,440,4,440,421,427,439,10,440,440,478,2,440,470,439,439,439,429,440,516,440,498,427,440,442,143,442,426,429,481,439,123,484,478,112,422,440,108,440,440,428,440,440,256,442,426,430,115,433,509,551,551,439,133,513,106,458,126,421,381,440,439,487,440,442,252,427,120,440,517,487,431,117,420,518,427,120,438,440,10,527,441,439,489,552,109,441,513,419,5,500,511,0,442,440,499,441,536,439,422,425,422,515,473,440,483,108,440,547,439,157,391,477,427,442,483,441,517,441,90,439,405,440,105,105,439,114,483,424,500,441,428,21,146,496,439
MB081563,3,3,3,326,4,3,3,8,4,477,432,469,4,440,4,425,467,3,436,4,4,486,442,4,478,3,3,3,482,4,492,4,479,419,4,6,453,0,456,478,495,3,477,494,484,468,478,4,414,4,4,483,4,4,453,6,479,483,433,323,482,500,500,3,443,497,448,419,472,479,233,4,3,503,4,0,461,484,400,4,493,503,468,459,474,492,482,458,290,4,434,587,5,3,489,499,413,5,487,479,439,496,491,442,0,4,501,5,544,3,489,413,480,485,443,4,491,414,4,551,3,382,437,445,482,0,491,5,493,5,454,3,479,4,417,487,3,432,489,476,498,5,483,423,432,476,3
MB081709,1,1,1,324,0,1,1,6,2,475,430,467,0,438,2,423,465,1,434,2,0,484,440,0,476,1,1,1,480,0,490,2,477,417,2,4,451,4,454,476,493,1,475,492,482,466,476,0,412,0,2,481,2,2,451,4,477,481,431,321,480,498,498,1,441,495,446,417,470,477,231,2,1,501,2,4,459,482,398,0,491,501,466,457,472,490,480,456,288,2,432,585,3,1,487,497,411,3,485,477,437,494,489,440,4,0,499,3,542,1,487,411,478,483,441,2,489,412,0,549,1,380,435,443,480,4,489,3,491,3,452,1,477,2,415,485,1,430,487,474,496,3,481,421,430,474,1
MB093198,498,498,498,535,499,498,498,503,499,494,493,536,499,499,499,516,498,498,495,499,499,499,499,499,489,498,498,498,501,499,511,499,474,486,499,501,488,501,493,501,500,498,516,499,491,515,495,499,485,499,499,500,499,499,488,501,498,502,484,534,517,553,553,498,510,514,513,485,519,496,374,499,498,518,499,501,446,499,489,499,512,518,507,510,493,511,501,509,537,499,493,578,500,498,514,554,484,500,506,500,496,7,508,499,501,499,0,500,541,498,504,498,497,508,488,499,494,483,499,550,498,493,482,490,499,501,494,500,512,500,507,498,502,499,484,526,498,485,496,497,5,500,500,496,501,27,498
MB090456,2,2,2,325,3,2,2,7,3,476,431,468,3,439,3,424,466,2,435,3,3,485,441,3,477,2,2,2,481,3,491,3,478,418,3,5,452,5,455,477,494,2,476,493,483,467,477,3,413,3,3,482,3,3,452,5,478,482,432,322,481,499,499,2,442,496,447,418,471,478,232,3,2,502,3,5,460,483,399,3,492,502,467,458,473,491,481,457,289,3,433,586,4,2,488,498,412,4,486,478,438,495,490,441,5,3,500,0,543,2,488,412,479,484,442,3,490,413,3,550,2,381,436,444,481,5,490,4,492,0,453,2,478,1,416,486,2,431,488,475,497,4,482,422,431,475,2
MB091631,541,541,541,550,542,541,541,546,542,519,534,555,542,534,542,503,527,541,532,542,542,556,536,542,554,541,541,541,524,542,562,542,503,539,542,544,525,544,524,526,553,541,537,552,554,536,524,542,526,542,542,525,542,542,549,544,525,525,547,547,568,638,638,541,539,563,558,521,536,523,427,542,541,546,542,544,561,524,530,542,563,546,528,529,520,562,522,534,558,542,532,583,543,541,544,637,527,543,557,523,533,540,557,536,544,542,541,543,0,541,527,479,524,557,543,542,551,526,542,17,541,536,543,547,522,544,551,543,563,543,528,541,549,542,527,555,541,544,551,524,538,543,525,539,530,544,541
MB087802,0,0,0,323,1,0,0,5,1,474,429,466,1,437,1,422,464,0,433,1,1,483,439,1,475,0,0,0,479,1,489,1,476,416,1,3,450,3,453,475,492,0,474,491,481,465,475,1,411,1,1,480,1,1,450,3,476,480,430,320,479,497,497,0,440,494,445,416,469,476,230,1,0,500,1,3,458,481,397,1,490,500,465,456,471,489,479,455,287,1,431,584,2,0,486,496,410,2,484,476,436,493,488,439,3,1,498,2,541,0,486,410,477,482,440,1,488,411,1,548,0,379,434,442,479,3,488,2,490,2,451,0,476,1,414,484,0,429,486,473,495,2,480,420,429,473,0
MB092546,486,486,486,499,487,486,486,491,487,12,426,441,487,424,487,480,370,486,426,487,487,489,424,487,483,486,486,486,7,487,544,487,460,470,487,489,429,489,379,11,488,486,433,491,485,426,365,487,404,487,487,6,487,487,383,489,10,8,433,498,512,520,520,486,435,541,446,396,432,364,398,487,486,500,487,489,479,7,410,487,545,500,23,425,369,544,7,428,491,487,424,506,488,486,502,521,403,488,539,362,427,503,539,422,489,487,504,488,527,486,0,470,365,541,513,487,490,400,487,538,486,470,455,515,7,489,490,488,545,488,432,486,465,487,401,445,486,428,490,367,503,488,6,431,448,507,486
L00014051,410,410,410,423,411,410,410,415,411,464,419,459,411,425,411,140,421,410,423,411,411,413,425,411,413,410,410,410,465,411,462,411,422,406,411,413,408,413,420,467,416,410,438,415,419,433,422,411,405,411,411,466,411,411,463,413,470,466,427,420,491,513,513,410,426,465,429,390,437,421,298,411,410,478,411,413,447,467,403,411,463,478,469,430,424,464,465,433,417,411,423,516,412,410,474,512,404,412,459,421,422,495,459,425,413,411,498,412,479,410,470,0,422,461,425,411,414,405,411,488,410,436,439,427,465,413,414,412,463,412,431,410,463,411,404,456,410,426,414,422,493,412,466,420,429,487,410
MB084982,477,477,477,486,478,477,477,482,478,359,416,322,478,422,478,449,13,477,420,478,478,460,422,478,452,477,477,477,364,478,507,478,478,444,478,480,390,480,24,364,465,477,448,464,458,431,2,478,393,478,478,361,478,478,374,480,363,361,401,485,464,498,498,477,432,508,454,422,447,1,377,478,477,511,478,480,479,362,397,478,506,511,364,426,6,505,362,427,492,478,416,524,479,477,507,499,392,479,502,5,419,496,504,422,480,478,497,479,524,477,365,422,0,504,494,478,463,389,478,533,477,461,448,496,362,480,463,479,506,479,392,477,468,478,392,441,477,398,463,6,494,479,361,421,459,490,477
L00034794,482,482,482,518,483,482,482,487,483,529,509,506,483,511,483,483,499,482,507,483,483,525,513,483,521,482,482,482,534,483,9,483,490,514,483,485,472,485,498,532,534,482,524,533,523,519,502,483,487,483,483,537,483,483,468,485,535,537,484,515,582,548,548,482,512,12,517,537,523,503,254,483,482,547,483,485,498,536,487,483,10,547,536,512,498,9,536,517,520,483,509,605,484,482,537,547,488,484,12,503,510,507,12,515,485,483,508,484,557,482,541,461,504,0,178,483,528,489,483,566,482,489,472,180,534,485,528,484,10,484,503,482,468,483,490,526,482,485,530,502,505,484,537,506,497,505,482
MB080441,440,440,440,490,441,440,440,445,441,501,467,480,441,471,441,455,493,440,467,441,441,497,473,441,487,440,440,440,508,441,179,441,440,484,441,443,432,443,492,506,500,440,460,499,489,463,492,441,447,441,441,507,441,441,420,443,507,507,438,487,550,540,540,440,462,184,453,497,459,493,252,441,440,518,441,443,454,508,449,441,180,518,512,456,488,179,508,457,490,441,465,565,442,440,512,539,444,442,174,493,470,491,178,473,443,441,488,442,543,440,513,425,494,178,0,441,494,445,441,550,440,425,450,10,506,443,494,442,180,442,459,440,454,441,448,466,440,439,496,492,485,442,507,468,429,489,440
L00017444,1,1,1,324,2,1,1,6,2,475,430,467,2,438,2,423,465,1,434,2,2,484,440,2,476,1,1,1,480,2,490,2,477,417,0,4,451,4,454,476,493,1,475,492,482,466,476,2,412,2,2,481,2,0,451,4,477,481,431,321,480,498,498,1,441,495,446,417,470,477,231,0,1,501,2,4,459,482,398,2,491,501,466,457,472,490,480,456,288,2,432,585,3,1,487,497,411,3,485,477,437,494,489,440,4,2,499,3,542,1,487,411,478,483,441,0,489,412,2,549,1,380,435,443,480,4,489,3,491,3,452,1,477,2,415,485,1,430,487,474,496,3,481,421,430,474,1
MB089546,488,488,488,491,489,488,488,493,489,480,473,514,489,483,489,432,462,488,479,489,489,19,483,489,17,488,488,488,485,489,533,489,446,92,489,491,458,491,455,483,6,488,462,5,9,465,461,489,477,489,489,484,489,489,496,491,484,486,480,490,487,551,551,488,456,538,473,430,461,462,276,489,488,477,489,491,498,485,475,489,534,477,487,458,459,533,487,457,493,489,475,596,490,488,473,552,476,490,528,464,480,495,532,483,491,489,494,490,551,488,490,414,463,528,494,489,0,475,489,558,488,487,508,496,485,491,0,490,534,490,468,488,520,489,478,471,488,479,2,461,493,490,484,476,459,495,488
MB088931,411,411,411,404,412,411,411,416,412,394,104,171,412,106,412,411,394,411,104,412,412,470,106,412,462,411,411,411,399,412,488,412,482,413,412,414,75,414,393,397,477,411,123,476,470,120,389,412,8,412,412,396,412,412,224,414,398,398,67,403,493,527,527,411,137,491,66,452,122,388,361,412,411,479,412,414,270,399,20,412,489,479,403,121,387,488,399,120,408,412,102,505,413,411,473,528,3,413,485,390,103,486,485,108,414,412,483,413,526,411,400,405,389,489,445,412,475,0,412,535,411,137,371,451,399,414,475,413,489,413,120,411,391,412,3,127,411,66,475,391,484,413,396,113,138,480,411
MB087998,1,1,1,324,0,1,1,6,2,475,430,467,0,438,2,423,465,1,434,2,0,484,440,0,476,1,1,1,480,0,490,2,477,417,2,4,451,4,454,476,493,1,475,492,482,466,476,0,412,0,2,481,2,2,451,4,477,481,431,321,480,498,498,1,441,495,446,417,470,477,231,2,1,501,2,4,459,482,398,0,491,501,466,457,472,490,480,456,288,2,432,585,3,1,487,497,411,3,485,477,437,494,489,440,4,0,499,3,542,1,487,411,478,483,441,2,489,412,0,549,1,380,435,443,480,4,489,3,491,3,452,1,477,2,415,485,1,430,487,474,496,3,481,421,430,474,1
MB087393,548,548,548,557,549,548,548,553,549,528,541,562,549,545,549,512,534,548,541,549,549,567,547,549,563,548,548,548,533,549,569,549,510,546,549,551,534,551,531,533,562,548,548,561,561,547,531,549,535,549,549,532,549,549,556,551,534,532,554,554,575,645,645,548,548,574,567,532,543,532,434,549,548,557,549,551,572,533,539,549,570,557,537,538,527,569,533,541,567,549,539,590,550,548,555,644,534,550,564,532,544,549,568,547,551,549,550,550,17,548,538,488,533,566,550,549,558,535,549,0,548,545,550,554,531,551,558,550,570,550,535,548,556,549,538,566,548,553,558,531,545,550,532,548,539,553,548
MB075002,0,0,0,323,1,0,0,5,1,474,429,466,1,437,1,422,464,0,433,1,1,483,439,1,475,0,0,0,479,1,489,1,476,416,1,3,450,3,453,475,492,0,474,491,481,465,475,1,411,1,1,480,1,1,450,3,476,480,430,320,479,497,497,0,440,494,445,416,469,476,230,1,0,500,1,3,458,481,397,1,490,500,465,456,471,489,479,455,287,1,431,584,2,0,486,496,410,2,484,476,436,493,488,439,3,1,498,2,541,0,486,410,477,482,440,1,488,411,1,548,0,379,434,442,479,3,488,2,490,2,451,0,476,1,414,484,0,429,486,473,495,2,480,420,429,473,0
MB080919,379,379,379,472,380,379,379,384,380,458,153,277,380,153,380,424,460,379,151,380,380,478,155,380,470,379,379,379,465,380,490,380,468,451,380,382,186,382,459,465,491,379,136,490,480,135,459,380,135,380,380,466,380,380,227,382,462,466,157,469,527,541,541,379,142,493,119,444,137,460,363,380,379,477,380,382,265,465,145,380,491,477,465,134,455,490,463,137,472,380,155,524,381,379,469,540,134,381,489,460,152,494,487,157,382,380,493,381,536,379,470,436,461,489,425,380,487,137,380,545,379,0,397,431,463,382,487,381,491,381,159,379,413,380,136,112,379,160,485,459,494,381,466,158,103,490,379
MB088646,434,434,434,445,435,434,434,439,435,443,379,410,435,387,435,447,435,434,383,435,435,503,389,435,495,434,434,434,448,435,479,435,496,488,435,437,364,437,424,444,512,434,392,511,501,391,446,435,371,435,435,449,435,435,414,437,445,449,384,442,462,514,514,434,366,484,407,429,387,447,360,435,434,494,435,437,412,450,357,435,480,494,434,384,442,479,448,383,427,435,383,569,436,434,480,513,370,436,476,447,386,479,478,391,437,435,482,436,543,434,455,439,448,472,450,435,508,371,435,550,434,397,0,452,448,437,508,436,480,436,381,434,164,435,374,418,434,385,506,444,481,436,449,370,401,457,434
MB089903,442,442,442,492,443,442,442,447,443,505,473,486,443,477,443,455,495,442,471,443,443,501,477,443,491,442,442,442,510,443,177,443,442,486,443,445,438,445,492,508,502,442,466,501,491,467,494,443,453,443,443,509,443,443,424,445,511,509,444,489,552,544,544,442,466,182,457,503,463,495,254,443,442,524,443,445,458,512,455,443,178,524,516,460,490,179,512,461,492,443,469,569,444,442,518,543,450,444,172,495,474,493,176,477,445,443,490,444,547,442,515,427,496,180,10,443,496,451,443,554,442,431,452,0,510,445,496,444,178,444,467,442,456,443,452,470,442,443,498,492,487,444,509,472,433,489,442
L00029190,479,479,479,494,480,479,479,484,480,5,421,436,480,425,480,475,363,479,421,480,480,484,427,480,476,479,479,479,2,480,539,480,453,463,480,482,428,482,372,6,489,479,430,488,478,429,360,480,397,480,480,3,480,480,376,482,5,3,428,491,507,515,515,479,428,542,445,399,427,361,391,480,479,505,480,482,484,2,403,480,540,505,16,420,362,539,2,425,486,480,421,501,481,479,499,514,398,481,534,361,424,498,536,427,482,480,499,481,522,479,7,465,362,534,506,480,485,399,480,531,479,463,448,510,0,482,485,481,540,481,425,479,458,480,400,446,479,427,485,360,496,481,3,430,447,504,479
MB088150,3,3,3,326,4,3,3,8,4,477,432,469,4,440,4,425,467,3,436,4,4,486,442,4,478,3,3,3,482,4,492,4,479,419,4,6,453,0,456,478,495,3,477,494,484,468,478,4,414,4,4,483,4,4,453,6,479,483,433,323,482,500,500,3,443,497,448,419,472,479,233,4,3,503,4,0,461,484,400,4,493,503,468,459,474,492,482,458,290,4,434,587,5,3,489,499,413,5,487,479,439,496,491,442,0,4,501,5,544,3,489,413,480,485,443,4,491,414,4,551,3,382,437,445,482,0,491,5,493,5,454,3,479,4,417,487,3,432,489,476,498,5,483,423,432,476,3
MB093228,488,488,488,491,489,488,488,493,489,480,473,514,489,483,489,432,462,488,479,489,489,19,483,489,17,488,488,488,485,489,533,489,446,92,489,491,458,491,455,483,6,488,462,5,9,465,461,489,477,489,489,484,489,489,496,491,484,486,480,490,487,551,551,488,456,538,473,430,461,462,276,489,488,477,489,491,498,485,475,489,534,477,487,458,459,533,487,457,493,489,475,596,490,488,473,552,476,490,528,464,480,495,532,483,491,489,494,490,551,488,490,414,463,528,494,489,0,475,489,558,488,487,508,496,485,491,0,490,534,490,468,488,520,489,478,471,488,479,2,461,493,490,484,476,459,495,488
MB085564,2,2,2,325,3,2,2,7,3,476,431,468,3,439,3,424,466,2,435,3,3,485,441,3,477,2,2,2,481,3,491,3,478,418,3,5,452,5,455,477,494,2,476,493,483,467,477,3,413,3,3,482,3,3,452,1,478,482,432,322,481,499,499,2,442,496,447,418,471,478,232,3,2,502,3,5,460,483,399,3,492,502,467,458,473,491,481,457,289,3,433,586,4,2,488,498,412,4,486,478,438,495,490,441,5,3,500,4,543,2,488,412,479,484,442,3,490,413,3,550,2,381,436,444,481,5,490,0,492,4,453,2,478,3,416,486,2,431,488,475,497,4,482,422,431,475,2
L00011957,490,490,490,522,491,490,490,495,491,535,511,512,491,515,491,489,507,490,509,491,491,531,515,491,527,490,490,490,540,491,1,491,492,520,491,493,470,493,506,538,540,490,526,539,529,517,506,491,491,491,491,539,491,491,466,493,541,537,482,519,590,554,554,490,520,4,513,543,525,507,260,491,490,549,491,493,502,542,491,491,0,549,544,516,502,1,542,517,528,491,511,607,492,490,543,553,486,492,6,507,512,515,6,517,493,491,512,492,563,490,545,463,506,10,180,491,534,489,491,570,490,491,480,178,540,493,534,492,0,492,503,490,474,491,488,524,490,485,536,506,509,492,539,512,493,513,490
MB088683,2,2,2,325,3,2,2,7,3,476,431,468,3,439,3,424,466,2,435,3,3,485,441,3,477,2,2,2,481,3,491,3,478,418,3,5,452,5,455,477,494,2,476,493,483,467,477,3,413,3,3,482,3,3,452,5,478,482,432,322,481,499,499,2,442,496,447,418,471,478,232,3,2,502,3,5,460,483,399,3,492,502,467,458,473,491,481,457,289,3,433,586,4,2,488,498,412,4,486,478,438,495,490,441,5,3,500,0,543,2,488,412,479,484,442,3,490,413,3,550,2,381,436,444,481,5,490,4,492,0,453,2,478,1,416,486,2,431,488,475,497,4,482,422,431,475,2
L00038890,451,451,451,450,452,451,451,456,452,420,78,221,452,86,452,413,387,451,84,452,452,461,88,452,453,451,451,451,427,452,502,452,494,435,452,454,151,454,382,425,472,451,133,471,461,120,390,452,120,452,452,426,452,452,234,454,424,426,133,447,509,553,553,451,123,507,138,461,130,391,369,452,451,503,452,454,278,427,118,452,503,503,421,119,386,502,425,120,446,452,86,516,453,451,493,552,117,453,501,391,85,508,501,90,454,452,507,453,528,451,432,431,392,503,459,452,468,120,452,535,451,159,381,467,425,454,468,453,503,453,0,451,395,452,121,67,451,136,466,390,506,453,426,89,150,496,451
MB090458,0,0,0,323,1,0,0,5,1,474,429,466,1,437,1,422,464,0,433,1,1,483,439,1,475,0,0,0,479,1,489,1,476,416,1,3,450,3,453,475,492,0,474,491,481,465,475,1,411,1,1,480,1,1,450,3,476,480,430,320,479,497,497,0,440,494,445,416,469,476,230,1,0,500,1,3,458,481,397,1,490,500,465,456,471,489,479,455,287,1,431,584,2,0,486,496,410,2,484,476,436,493,488,439,3,1,498,2,541,0,486,410,477,482,440,1,488,411,1,548,0,379,434,442,479,3,488,2,490,2,451,0,476,1,414,484,0,429,486,473,495,2,480,420,429,473,0
L00031343,476,476,476,489,477,476,476,481,477,453,395,386,477,403,477,475,455,476,401,477,477,515,405,477,507,476,476,476,458,477,473,477,507,496,477,479,390,479,450,454,524,476,410,523,513,409,466,477,389,477,477,459,477,477,432,479,457,459,402,486,500,546,546,476,392,478,425,457,407,467,386,477,476,532,477,479,422,460,379,477,474,532,448,404,462,473,458,407,475,477,401,569,478,476,518,545,388,478,470,467,402,495,472,405,479,477,502,478,549,476,465,463,468,468,454,477,520,391,477,556,476,413,164,456,458,479,520,478,474,478,395,476,0,477,392,430,476,401,518,466,497,478,459,392,417,479,476
MB083519,1,1,1,324,2,1,1,6,2,475,430,467,2,438,2,423,465,1,434,2,2,484,440,2,476,1,1,1,480,2,490,2,477,417,2,4,451,4,454,476,493,1,475,492,482,466,476,2,412,2,2,481,2,2,451,4,477,481,431,321,480,498,498,1,441,495,446,417,470,477,231,2,1,501,2,4,459,482,398,2,491,501,466,457,472,490,480,456,288,2,432,585,3,1,487,497,411,3,485,477,437,494,489,440,4,2,499,1,542,1,487,411,478,483,441,2,489,412,2,549,1,380,435,443,480,4,489,3,491,1,452,1,477,0,415,485,1,430,487,474,496,3,481,421,430,474,1
MB092927_1,414,414,414,407,415,414,414,419,415,395,105,172,415,105,415,408,397,414,103,415,415,471,103,415,463,414,414,414,400,415,487,415,483,416,415,417,76,417,396,400,480,414,122,479,473,117,392,415,7,415,415,399,415,415,223,417,399,401,66,406,496,530,530,414,136,488,65,453,125,391,364,415,414,480,415,417,267,400,17,415,488,480,404,122,390,489,400,123,411,415,105,506,416,414,474,531,4,416,486,393,100,487,482,105,417,415,484,416,527,414,401,404,392,490,448,415,478,3,415,538,414,136,374,452,400,417,478,416,488,416,121,414,392,415,0,124,414,67,478,394,487,416,399,114,137,483,414
L00009173,484,484,484,475,485,484,484,489,485,441,107,258,485,105,485,436,446,484,105,485,485,464,103,485,456,484,484,484,446,485,523,485,481,464,485,487,154,487,445,446,471,484,92,472,466,89,441,485,131,485,485,445,485,485,261,487,445,447,140,474,544,554,554,484,112,522,81,448,95,440,404,485,484,486,485,487,251,446,141,485,524,486,450,96,439,525,446,97,479,485,107,529,486,484,482,555,128,486,522,440,102,527,518,105,487,485,526,486,555,484,445,456,441,526,466,485,471,127,485,566,484,112,418,470,446,487,471,486,524,486,67,484,430,485,124,0,484,141,471,443,527,486,445,118,113,525,484
MB089257,0,0,0,323,1,0,0,5,1,474,429,466,1,437,1,422,464,0,433,1,1,483,439,1,475,0,0,0,479,1,489,1,476,416,1,3,450,3,453,475,492,0,474,491,481,465,475,1,411,1,1,480,1,1,450,3,476,480,430,320,479,497,497,0,440,494,445,416,469,476,230,1,0,500,1,3,458,481,397,1,490,500,465,456,471,489,479,455,287,1,431,584,2,0,486,496,410,2,484,476,436,493,488,439,3,1,498,2,541,0,486,410,477,482,440,1,488,411,1,548,0,379,434,442,479,3,488,2,490,2,451,0,476,1,414,484,0,429,486,473,495,2,480,420,429,473,0
L00019464,429,429,429,416,430,429,429,434,430,422,112,185,430,114,430,424,403,429,112,430,430,478,114,430,470,429,429,429,427,430,484,430,486,421,430,432,97,432,402,425,483,429,169,482,476,166,398,430,70,430,430,424,430,430,233,432,426,426,5,415,499,535,535,429,177,487,82,460,170,397,371,430,429,477,430,432,279,427,84,430,485,477,431,165,396,484,427,166,422,430,110,516,431,429,471,536,67,431,481,399,111,488,481,114,432,430,485,431,544,429,428,426,398,485,439,430,479,66,430,553,429,160,385,443,427,432,479,431,485,431,136,429,401,430,67,141,429,0,481,400,484,431,424,119,172,482,429
MB091830,486,486,486,493,487,486,486,491,487,480,473,514,487,483,487,430,460,486,479,487,487,17,483,487,17,486,486,486,485,487,535,487,446,92,487,489,458,489,453,483,6,486,464,5,9,465,461,487,477,487,487,484,487,487,496,489,482,486,482,492,485,553,553,486,454,540,473,430,461,462,278,487,486,477,487,489,498,485,473,487,536,477,485,458,459,535,485,457,491,487,475,596,488,486,471,554,476,488,530,464,480,493,534,483,489,487,496,488,551,486,490,414,463,530,496,487,2,475,487,558,486,485,506,498,485,489,2,488,536,488,466,486,518,487,478,471,486,481,0,461,495,488,484,474,459,493,486
MB091633,473,473,473,484,474,473,473,478,474,357,416,322,474,422,474,447,13,473,418,474,474,458,424,474,448,473,473,473,362,474,505,474,476,440,474,476,392,476,22,362,465,473,450,464,454,433,4,474,391,474,474,361,474,474,372,476,363,361,401,481,464,498,498,473,428,510,456,422,445,5,373,474,473,513,474,476,481,362,395,474,506,513,364,424,6,505,362,425,490,474,416,524,475,473,509,497,390,475,500,5,421,498,504,424,476,474,497,475,524,473,367,422,6,502,492,474,461,391,474,531,473,459,444,492,360,476,461,475,506,475,390,473,466,474,394,443,473,400,461,0,494,475,361,419,461,492,473
MB091027,495,495,495,534,496,495,495,500,496,491,492,535,496,498,496,517,493,495,494,496,496,500,500,496,490,495,495,495,498,496,508,496,469,483,496,498,487,498,490,496,499,495,519,498,488,518,492,496,484,496,496,497,496,496,487,498,497,497,485,531,518,550,550,495,511,513,514,482,516,493,371,496,495,519,496,498,447,498,490,496,509,519,504,509,488,508,498,512,534,496,492,575,497,495,515,549,483,497,503,495,497,6,507,500,498,496,5,497,538,495,503,493,494,505,485,496,493,484,496,545,495,494,481,487,496,498,493,497,509,497,506,495,497,496,487,527,495,484,495,494,0,497,497,495,500,28,495
L00013157,2,2,2,325,3,2,2,7,3,476,431,468,3,439,3,424,466,2,435,3,3,485,441,3,477,2,2,2,481,3,491,3,478,418,3,5,452,5,455,477,494,2,476,493,483,467,477,3,413,3,3,482,3,3,452,5,478,482,432,322,481,499,499,2,442,496,447,418,471,478,232,3,2,502,3,5,460,483,399,3,492,502,467,458,473,491,481,457,289,3,433,586,4,2,488,498,412,4,486,478,438,495,490,441,5,3,500,4,543,2,488,412,479,484,442,3,490,413,3,550,2,381,436,444,481,5,490,4,492,4,453,2,478,3,416,486,2,431,488,475,497,0,482,422,431,475,2
MB081208,480,480,480,493,481,480,480,485,481,8,420,435,481,428,481,476,364,480,422,481,481,487,428,481,479,480,480,480,3,481,538,481,454,464,481,483,425,483,373,5,488,480,431,487,479,428,359,481,400,481,481,0,481,481,377,483,6,2,427,492,506,514,514,480,431,543,442,402,426,360,392,481,480,506,481,483,485,3,406,481,539,506,19,421,363,538,5,422,487,481,418,500,482,480,500,515,397,482,533,362,425,499,537,428,483,481,500,482,525,480,6,466,361,537,507,481,484,396,481,532,480,466,449,509,3,483,484,482,539,482,426,480,459,481,399,445,480,424,484,361,497,482,0,431,444,503,480
MB088934,420,420,420,433,421,420,420,425,421,425,17,216,421,17,421,408,412,420,19,421,421,469,19,421,463,420,420,420,430,421,511,421,500,420,421,423,148,423,407,426,474,420,134,477,469,121,421,421,113,421,421,431,421,421,259,423,429,431,120,430,494,544,544,420,116,510,113,459,129,420,368,421,420,490,421,423,255,432,111,421,512,490,426,122,417,511,428,123,419,421,21,530,422,420,480,543,112,422,510,416,20,493,508,21,423,421,496,422,539,420,431,420,421,506,468,421,476,113,421,548,420,158,370,472,430,423,476,422,512,422,89,420,392,421,114,118,420,119,474,419,495,422,431,0,151,479,420
L00018091,429,429,429,468,430,429,429,434,430,442,144,253,430,146,430,433,462,429,142,430,430,454,144,430,452,429,429,429,447,430,492,430,469,469,430,432,177,432,461,445,461,429,101,460,466,112,459,430,144,430,430,444,430,430,252,432,446,446,171,467,529,535,535,429,129,495,124,434,102,458,365,430,429,461,430,432,304,447,150,430,493,461,449,115,457,494,447,114,468,430,142,539,431,429,459,536,139,431,491,460,141,502,489,146,432,430,501,431,530,429,448,429,459,497,429,430,459,138,430,539,429,103,401,433,447,432,459,431,493,431,150,429,417,430,137,113,429,172,459,461,500,431,444,151,0,496,429
L00019475,473,473,473,530,474,473,473,478,474,499,488,519,474,496,474,493,481,473,494,474,474,498,496,474,492,473,473,473,504,474,512,474,479,485,474,476,485,476,470,500,497,473,517,496,490,514,490,474,484,474,474,503,474,474,487,476,501,505,485,529,498,544,544,473,493,515,510,480,516,489,363,474,473,519,474,476,441,504,472,474,513,519,490,509,488,512,502,508,512,474,490,581,475,473,507,545,483,475,507,493,493,24,509,496,476,474,27,475,544,473,507,487,490,505,489,474,495,480,474,553,473,490,457,489,504,476,495,475,513,475,496,473,479,474,483,525,473,482,493,492,28,475,503,479,496,0,473
ref,0,0,0,323,1,0,0,5,1,474,429,466,1,437,1,422,464,0,433,1,1,483,439,1,475,0,0,0,479,1,489,1,476,416,1,3,450,3,453,475,492,0,474,491,481,465,475,1,411,1,1,480,1,1,450,3,476,480,430,320,479,497,497,0,440,494,445,416,469,476,230,1,0,500,1,3,458,481,397,1,490,500,465,456,471,489,479,455,287,1,431,584,2,0,486,496,410,2,484,476,436,493,488,439,3,1,498,2,541,0,486,410,477,482,440,1,488,411,1,548,0,379,434,442,479,3,488,2,490,2,451,0,476,1,414,484,0,429,486,473,495,2,480,420,429,473,0
